DeployID,Ptt,Instr,Date,Type,Quality,Latitude,Longitude,Error radius,Error Semi-major axis,Error Semi-minor axis,Error Ellipse orientation,Offset,Offset orientation,GPE MSD,GPE U,Count,Comment
Sunbeetle,225760,UT,17:08:30 08-Nov-2024,Argos,1,50.0954,-5.2027,520,2005,135,110,,,,,,
Sunbeetle,225760,UT,18:15:42 08-Nov-2024,Argos,B,50.0932,-5.2017,1661,3045,906,87,,,,,,
Sunbeetle,225760,UT,21:25:57 08-Nov-2024,Argos,B,50.0961,-5.2066,1758,9363,330,64,,,,,,
Sunbeetle,225760,UT,22:07:57 08-Nov-2024,Argos,2,50.0912,-5.2040,469,9082,24,76,,,,,,
Sunbeetle,225760,UT,05:34:04 09-Nov-2024,Argos,B,50.0700,-5.1890,2317,6914,776,75,,,,,,
Sunbeetle,225760,UT,06:17:04 09-Nov-2024,Argos,B,50.0910,-5.1786,1697,91703,31,86,,,,,,
Sunbeetle,225760,UT,06:52:31 09-Nov-2024,Argos,B,50.0943,-5.1775,1660,7725,356,89,,,,,,
Sunbeetle,225760,UT,12:10:14 09-Nov-2024,Argos,B,50.1104,-5.1501,2835,6349,1265,88,,,,,,
Sunbeetle,225760,UT,12:27:14 09-Nov-2024,Argos,B,50.0904,-5.2003,1947,7686,493,151,,,,,,
Sunbeetle,225760,UT,16:30:26 09-Nov-2024,Argos,B,50.0899,-5.2020,1410,64785,30,92,,,,,,
Sunbeetle,225760,UT,19:23:47 09-Nov-2024,Argos,B,50.0931,-5.2110,1825,43872,75,97,,,,,,
Sunbeetle,225760,UT,22:16:11 09-Nov-2024,Argos,B,50.0905,-5.2474,2157,5004,929,104,,,,,,
Sunbeetle,225760,UT,06:45:50 10-Nov-2024,Argos,B,50.0784,-5.2377,2994,7509,1193,79,,,,,,
Sunbeetle,225760,UT,11:53:56 10-Nov-2024,Argos,B,50.0911,-5.2340,2983,12945,687,96,,,,,,
Sunbeetle,225760,UT,12:05:15 10-Nov-2024,Argos,B,50.0895,-5.2288,3012,12685,715,95,,,,,,
Sunbeetle,225760,UT,13:41:50 10-Nov-2024,Argos,B,50.0884,-5.2054,2501,5801,1078,92,,,,,,
Sunbeetle,225760,UT,17:24:13 10-Nov-2024,Argos,B,50.0909,-5.1928,2729,5752,1294,76,,,,,,
Sunbeetle,225760,UT,18:02:58 10-Nov-2024,Argos,B,50.0923,-5.2021,1779,40088,78,74,,,,,,
Sunbeetle,225760,UT,18:41:43 10-Nov-2024,Argos,B,50.0858,-5.2183,871,24636,30,66,,,,,,
Sunbeetle,225760,UT,21:01:08 10-Nov-2024,Argos,A,50.0855,-5.2339,1324,83102,21,79,,,,,,
Sunbeetle,225760,UT,05:29:58 11-Nov-2024,Argos,2,50.0914,-5.1994,384,4364,33,91,,,,,,
Sunbeetle,225760,UT,06:12:50 11-Nov-2024,Argos,3,50.0912,-5.2049,164,1211,22,91,,,,,,
Sunbeetle,225760,UT,06:54:28 11-Nov-2024,Argos,B,50.0908,-5.2087,862,1445,513,94,,,,,,
Sunbeetle,225760,UT,10:03:39 11-Nov-2024,Argos,B,50.0937,-5.2033,1119,11407,109,117,,,,,,
Sunbeetle,225760,UT,10:47:20 11-Nov-2024,Argos,B,50.0927,-5.2071,1350,3358,542,118,,,,,,
Sunbeetle,225760,UT,11:02:41 11-Nov-2024,Argos,B,50.0934,-5.2065,1411,3191,623,114,,,,,,
Sunbeetle,225760,UT,17:37:56 11-Nov-2024,Argos,B,50.0950,-5.2389,2521,6232,1019,88,,,,,,
Sunbeetle,225760,UT,18:22:37 11-Nov-2024,Argos,B,50.0897,-5.2104,1823,39973,83,87,,,,,,
Sunbeetle,225760,UT,19:46:44 11-Nov-2024,Argos,B,50.0821,-5.1996,2045,9978,419,83,,,,,,
Sunbeetle,225760,UT,23:10:20 11-Nov-2024,Argos,B,50.0811,-5.1949,2687,7779,927,82,,,,,,
Sunbeetle,225760,UT,06:22:56 12-Nov-2024,Argos,B,50.1017,-5.1471,2783,234024,33,79,,,,,,
Sunbeetle,225760,UT,07:25:21 12-Nov-2024,Argos,B,50.0920,-5.1808,1716,5580,527,85,,,,,,
Sunbeetle,225760,UT,09:42:33 12-Nov-2024,Argos,B,50.0807,-5.1986,2122,6935,649,88,,,,,,
Sunbeetle,225760,UT,10:25:34 12-Nov-2024,Argos,B,50.0788,-5.2076,2019,4662,874,87,,,,,,
Sunbeetle,225760,UT,10:54:36 12-Nov-2024,Argos,B,50.0802,-5.2060,1995,4224,941,92,,,,,,
Sunbeetle,225760,UT,11:23:30 12-Nov-2024,Argos,B,50.0877,-5.2073,1036,7416,144,71,,,,,,
Sunbeetle,225760,UT,12:08:39 12-Nov-2024,Argos,B,50.0803,-5.2132,1362,3673,505,74,,,,,,
Sunbeetle,225760,UT,13:08:41 12-Nov-2024,Argos,B,50.0787,-5.2126,1387,12140,158,61,,,,,,
Sunbeetle,225760,UT,13:46:22 12-Nov-2024,Argos,A,50.0917,-5.2003,162,536,49,126,,,,,,
Sunbeetle,225760,UT,16:07:20 12-Nov-2024,Argos,B,50.0929,-5.1998,1097,11403,105,76,,,,,,
Sunbeetle,225760,UT,18:54:27 12-Nov-2024,Argos,B,50.1093,-5.2024,1898,4961,726,83,,,,,,
Sunbeetle,225760,UT,21:05:56 12-Nov-2024,Argos,B,50.1122,-5.2012,2421,5203,1126,83,,,,,,
Sunbeetle,225760,UT,07:27:48 13-Nov-2024,Argos,B,50.1737,-5.2158,3634,9258,1426,84,,,,,,Lat > 4 deviations from mean
Sunbeetle,225760,UT,11:00:01 13-Nov-2024,Argos,B,50.1116,-5.2867,2331,170274,31,103,,,,,,
Sunbeetle,225760,UT,13:01:44 13-Nov-2024,Argos,B,50.0988,-5.2914,2540,16969,380,97,,,,,,
Sunbeetle,225760,UT,18:58:34 13-Nov-2024,Argos,A,50.0993,-5.2467,1146,25321,51,100,,,,,,
Sunbeetle,225760,UT,20:06:51 13-Nov-2024,Argos,B,50.0920,-5.2438,1497,4354,514,94,,,,,,
Sunbeetle,225760,UT,06:43:08 14-Nov-2024,Argos,A,50.0888,-5.2058,128,304,53,124,,,,,,
Sunbeetle,225760,UT,08:15:12 14-Nov-2024,Argos,A,50.0912,-5.2044,913,26022,32,100,,,,,,
Sunbeetle,225760,UT,09:01:45 14-Nov-2024,Argos,B,50.0860,-5.2016,1271,3450,468,96,,,,,,
Sunbeetle,225760,UT,09:49:21 14-Nov-2024,Argos,B,50.0844,-5.2017,1516,3101,740,93,,,,,,
Sunbeetle,225760,UT,12:22:58 14-Nov-2024,Argos,B,50.0783,-5.2038,1355,2446,750,3,,,,,,
Sunbeetle,225760,UT,12:47:04 14-Nov-2024,Argos,B,50.0796,-5.2033,1529,2076,1124,5,,,,,,
Sunbeetle,225760,UT,13:57:22 14-Nov-2024,Argos,B,50.0768,-5.2027,1909,1979,1841,53,,,,,,
Sunbeetle,225760,UT,16:24:32 14-Nov-2024,Argos,B,50.0808,-5.2075,2069,3801,1125,69,,,,,,
Sunbeetle,225760,UT,18:27:10 14-Nov-2024,Argos,B,50.0781,-5.2086,1888,6263,569,92,,,,,,
Sunbeetle,225760,UT,19:41:31 14-Nov-2024,Argos,B,50.0862,-5.2083,738,4378,124,39,,,,,,
Sunbeetle,225760,UT,22:34:21 14-Nov-2024,Argos,B,50.0812,-5.2044,1617,3820,684,75,,,,,,
Sunbeetle,225760,UT,07:28:51 15-Nov-2024,Argos,B,50.0525,-5.2173,3285,6171,1748,90,,,,,,
Sunbeetle,225760,UT,09:28:37 15-Nov-2024,Argos,B,50.0967,-5.2174,2236,27049,184,101,,,,,,
Sunbeetle,225760,UT,10:10:45 15-Nov-2024,Argos,A,50.0919,-5.2106,543,8583,34,100,,,,,,
Sunbeetle,225760,UT,10:22:55 15-Nov-2024,Argos,B,50.0913,-5.2099,713,2077,245,99,,,,,,
Sunbeetle,225760,UT,10:51:24 15-Nov-2024,Argos,B,50.0916,-5.2102,1005,2112,477,95,,,,,,
Sunbeetle,225760,UT,12:28:17 15-Nov-2024,Argos,B,50.1048,-5.2284,1200,6629,217,123,,,,,,
Sunbeetle,225760,UT,13:08:58 15-Nov-2024,Argos,B,50.0997,-5.2252,1180,3605,386,106,,,,,,
Sunbeetle,225760,UT,17:22:37 15-Nov-2024,Argos,B,50.1117,-5.2381,2257,4973,1024,99,,,,,,
Sunbeetle,225760,UT,00:21:56 16-Nov-2024,Argos,B,50.1053,-5.2319,2980,4557,1948,70,,,,,,
Sunbeetle,225760,UT,07:02:12 16-Nov-2024,Argos,B,50.1199,-5.2638,1574,19042,130,116,,,,,,Lon > 4 deviations from mean
Sunbeetle,225760,UT,10:43:12 16-Nov-2024,Argos,B,50.1245,-5.2596,2372,3977,1414,110,,,,,,
Sunbeetle,225760,UT,10:45:26 16-Nov-2024,Argos,A,50.0918,-5.2005,400,5914,27,110,,,,,,
Sunbeetle,225760,UT,21:28:08 16-Nov-2024,Argos,B,50.1041,-5.2053,2580,12901,515,81,,,,,,
Sunbeetle,225760,UT,21:29:54 16-Nov-2024,Argos,A,50.0919,-5.2024,302,3432,26,87,,,,,,
Sunbeetle,225760,UT,23:36:57 16-Nov-2024,Argos,B,50.0889,-5.2046,1463,2756,776,87,,,,,,
Sunbeetle,225760,UT,05:35:40 17-Nov-2024,Argos,B,50.0906,-5.2040,820,6559,102,18,,,,,,
Sunbeetle,225760,UT,06:20:33 17-Nov-2024,Argos,B,50.0927,-5.2045,643,6302,65,110,,,,,,
Sunbeetle,225760,UT,06:20:33 17-Nov-2024,Argos,B,50.1026,-5.2089,840,1816,388,68,,,,,,
Sunbeetle,225760,UT,07:00:48 17-Nov-2024,Argos,B,50.1091,-5.2081,1152,2033,652,81,,,,,,
Sunbeetle,225760,UT,07:06:21 17-Nov-2024,Argos,B,50.1028,-5.2071,1130,2270,562,83,,,,,,
Sunbeetle,225760,UT,10:25:30 17-Nov-2024,Argos,B,50.1014,-5.2151,2039,4205,988,88,,,,,,
Sunbeetle,225760,UT,11:20:04 17-Nov-2024,Argos,B,50.0963,-5.2181,2104,3944,1122,106,,,,,,
Sunbeetle,225760,UT,11:32:19 17-Nov-2024,Argos,B,50.0958,-5.2135,1995,4286,928,115,,,,,,
Sunbeetle,225760,UT,14:56:19 17-Nov-2024,Argos,B,50.1016,-5.2301,2639,5218,1334,108,,,,,,
Sunbeetle,225760,UT,20:13:20 17-Nov-2024,Argos,B,50.0928,-5.2245,3455,6106,1955,98,,,,,,
Sunbeetle,225760,UT,23:36:44 17-Nov-2024,Argos,B,50.0862,-5.2212,3006,11832,763,83,,,,,,
Sunbeetle,225760,UT,08:08:44 18-Nov-2024,Argos,B,50.0985,-5.2744,3156,188317,52,96,,,,,,
Sunbeetle,225760,UT,11:42:51 18-Nov-2024,Argos,B,50.1008,-5.2807,3332,14871,746,101,,,,,,
Sunbeetle,225760,UT,11:54:38 18-Nov-2024,Argos,B,50.0964,-5.2704,3164,15044,665,99,,,,,,
Sunbeetle,225760,UT,12:30:39 18-Nov-2024,Argos,B,50.0903,-5.2449,2661,9168,772,95,,,,,,
Sunbeetle,225760,UT,16:50:33 18-Nov-2024,Argos,B,50.0833,-5.2048,3225,8151,1276,90,,,,,,
Sunbeetle,225760,UT,23:44:41 18-Nov-2024,Argos,2,50.0937,-5.1949,491,7358,32,77,,,,,,
Sunbeetle,225760,UT,06:12:03 19-Nov-2024,Argos,A,50.0915,-5.2075,115,533,24,74,,,,,,
Sunbeetle,225760,UT,07:00:01 19-Nov-2024,Argos,B,50.0857,-5.2048,924,1544,553,87,,,,,,
Sunbeetle,225760,UT,10:38:19 19-Nov-2024,Argos,B,50.0803,-5.1784,1802,4939,657,98,,,,,,
Sunbeetle,225760,UT,11:00:46 19-Nov-2024,Argos,B,50.0859,-5.1918,1985,5784,681,98,,,,,,
Sunbeetle,225760,UT,11:20:59 19-Nov-2024,Argos,B,50.0849,-5.1882,2017,5912,687,99,,,,,,
Sunbeetle,225760,UT,19:07:53 19-Nov-2024,Argos,B,50.0644,-5.1017,2353,159592,34,104,,,,,,
Sunbeetle,225760,UT,19:09:44 19-Nov-2024,Argos,B,50.0908,-5.2002,314,1694,58,89,,,,,,
Sunbeetle,225760,UT,22:05:13 19-Nov-2024,Argos,B,50.0740,-5.1719,1618,3352,781,82,,,,,,
Sunbeetle,225760,UT,05:42:20 20-Nov-2024,Argos,B,50.0615,-5.1140,2671,10352,689,94,,,,,,
Sunbeetle,225760,UT,06:25:20 20-Nov-2024,Argos,B,50.0653,-5.1264,3243,15852,663,98,,,,,,
Sunbeetle,225760,UT,10:49:57 20-Nov-2024,Argos,B,50.0710,-5.1569,2079,98878,43,116,,,,,,
Sunbeetle,225760,UT,11:30:47 20-Nov-2024,Argos,B,50.0908,-5.1867,1502,28855,78,103,,,,,,
Sunbeetle,225760,UT,11:57:50 20-Nov-2024,Argos,B,50.0925,-5.1973,613,3036,123,153,,,,,,
Sunbeetle,225760,UT,17:12:48 20-Nov-2024,Argos,B,50.1188,-5.2169,1746,16910,180,157,,,,,,
Sunbeetle,225760,UT,06:53:03 21-Nov-2024,Argos,2,50.0921,-5.2028,359,1747,73,119,,,,,,
Sunbeetle,225760,UT,06:53:57 21-Nov-2024,Argos,B,50.0923,-5.2027,202,288,141,106,,,,,,
Sunbeetle,225760,UT,07:39:04 21-Nov-2024,Argos,B,50.0988,-5.2032,1077,1490,777,74,,,,,,
Sunbeetle,225760,UT,11:14:02 21-Nov-2024,Argos,B,50.0923,-5.2136,1911,4426,824,85,,,,,,
Sunbeetle,225760,UT,11:36:50 21-Nov-2024,Argos,B,50.0878,-5.2075,1250,17371,90,82,,,,,,
Sunbeetle,225760,UT,12:18:55 21-Nov-2024,Argos,B,50.0896,-5.2004,655,1463,292,160,,,,,,
Sunbeetle,225760,UT,12:18:55 21-Nov-2024,Argos,B,50.0891,-5.2002,655,1463,292,160,,,,,,
Sunbeetle,225760,UT,13:30:30 21-Nov-2024,Argos,B,50.0864,-5.1991,843,9652,73,100,,,,,,
Sunbeetle,225760,UT,19:57:57 21-Nov-2024,Argos,B,50.1076,-5.2483,1578,14277,174,105,,,,,,
Sunbeetle,225760,UT,06:20:09 22-Nov-2024,Argos,B,50.0639,-5.2618,2915,13865,612,98,,,,,,
Sunbeetle,225760,UT,09:39:41 22-Nov-2024,Argos,B,50.0891,-5.2508,3383,13362,856,100,,,,,,
Sunbeetle,225760,UT,10:26:18 22-Nov-2024,Argos,B,50.0954,-5.2546,2832,112651,71,92,,,,,,
Sunbeetle,225760,UT,11:05:47 22-Nov-2024,Argos,B,50.0998,-5.2232,1916,20640,177,100,,,,,,
Sunbeetle,225760,UT,12:51:05 22-Nov-2024,Argos,B,50.1067,-5.1957,2355,7279,761,99,,,,,,
Sunbeetle,225760,UT,17:25:10 22-Nov-2024,Argos,B,50.1060,-5.2144,2202,19387,250,60,,,,,,
Sunbeetle,225760,UT,17:35:11 22-Nov-2024,Argos,B,50.1036,-5.2182,2128,12436,364,61,,,,,,
Sunbeetle,225760,UT,00:00:01 23-Nov-2024,Argos,B,50.1055,-5.2174,2822,9826,810,78,,,,,,
Sunbeetle,225760,UT,09:23:29 23-Nov-2024,Argos,A,50.0885,-5.1835,638,5440,74,117,,,,,,
Sunbeetle,225760,UT,10:15:45 23-Nov-2024,Argos,B,50.0912,-5.1728,1156,2068,646,106,,,,,,
Sunbeetle,225760,UT,10:48:36 23-Nov-2024,Argos,B,50.0945,-5.1751,1309,2142,799,93,,,,,,
Sunbeetle,225760,UT,10:59:53 23-Nov-2024,Argos,B,50.0946,-5.1781,1366,2328,801,90,,,,,,
Sunbeetle,225760,UT,12:00:53 23-Nov-2024,Argos,B,50.0942,-5.1718,1562,3289,741,93,,,,,,
Sunbeetle,225760,UT,12:32:11 23-Nov-2024,Argos,B,50.0887,-5.1751,1377,45580,41,100,,,,,,
Sunbeetle,225760,UT,12:35:43 23-Nov-2024,Argos,A,50.0933,-5.2050,318,401,251,99,,,,,,
Sunbeetle,225760,UT,18:45:49 23-Nov-2024,Argos,A,50.0888,-5.1728,294,3098,27,101,,,,,,
Sunbeetle,225760,UT,21:45:21 23-Nov-2024,Argos,B,50.0952,-5.1578,1584,3771,665,92,,,,,,
Sunbeetle,225760,UT,06:54:05 24-Nov-2024,Argos,B,50.0703,-5.2059,1669,35822,77,11,,,,,,
Sunbeetle,225760,UT,07:17:59 24-Nov-2024,Argos,B,50.0910,-5.2032,535,2636,108,73,,,,,,
Sunbeetle,225760,UT,10:35:50 24-Nov-2024,Argos,B,50.0854,-5.2058,1573,4950,499,97,,,,,,
Sunbeetle,225760,UT,10:35:50 24-Nov-2024,Argos,B,50.0850,-5.1991,1441,4657,445,102,,,,,,
Sunbeetle,225760,UT,11:18:16 24-Nov-2024,Argos,B,50.0840,-5.1987,1580,3908,639,105,,,,,,
Sunbeetle,225760,UT,11:40:01 24-Nov-2024,Argos,A,50.0910,-5.1984,251,538,116,11,,,,,,
Sunbeetle,225760,UT,12:13:50 24-Nov-2024,Argos,B,50.0917,-5.2044,607,2549,144,24,,,,,,
Sunbeetle,225760,UT,12:18:04 24-Nov-2024,Argos,A,50.0945,-5.2059,181,798,40,115,,,,,,
Sunbeetle,225760,UT,12:55:28 24-Nov-2024,Argos,B,50.0943,-5.2072,827,1372,498,95,,,,,,
Sunbeetle,225760,UT,18:18:12 24-Nov-2024,Argos,B,50.0957,-5.2037,2398,3693,1556,101,,,,,,
Sunbeetle,225760,UT,05:31:41 25-Nov-2024,Argos,B,50.0846,-5.2304,2932,153806,55,79,,,,,,
Sunbeetle,225760,UT,06:28:39 25-Nov-2024,Argos,3,50.0907,-5.2056,79,193,32,65,,,,,,
Sunbeetle,225760,UT,07:11:22 25-Nov-2024,Argos,B,50.0881,-5.2043,873,1438,529,91,,,,,,
Sunbeetle,225760,UT,08:34:59 25-Nov-2024,Argos,B,50.0776,-5.2531,2716,9133,807,87,,,,,,
Sunbeetle,225760,UT,09:50:11 25-Nov-2024,Argos,B,50.0827,-5.2345,2369,6360,882,98,,,,,,
Sunbeetle,225760,UT,11:27:06 25-Nov-2024,Argos,B,50.0747,-5.2140,1520,29799,77,53,,,,,,
Sunbeetle,225760,UT,12:03:40 25-Nov-2024,Argos,A,50.0876,-5.1951,140,383,51,99,,,,,,
Sunbeetle,225760,UT,12:10:25 25-Nov-2024,Argos,B,50.0875,-5.1950,382,633,230,93,,,,,,
Sunbeetle,225760,UT,13:46:22 25-Nov-2024,Argos,B,50.0912,-5.1808,1220,2373,627,102,,,,,,
Sunbeetle,225760,UT,18:13:54 25-Nov-2024,Argos,B,50.0863,-5.1876,2182,5812,819,93,,,,,,
Sunbeetle,225760,UT,19:19:45 25-Nov-2024,Argos,B,50.0868,-5.1643,2312,20930,255,97,,,,,,
Sunbeetle,225760,UT,19:56:57 25-Nov-2024,Argos,B,50.0865,-5.1692,2309,13640,390,100,,,,,,
Sunbeetle,225760,UT,05:56:41 26-Nov-2024,Argos,B,50.0732,-5.1192,3443,12194,972,90,,,,,,
Sunbeetle,225760,UT,08:01:36 26-Nov-2024,Argos,B,50.0838,-5.1399,3818,16770,869,87,,,,,,
Sunbeetle,225760,UT,09:47:15 26-Nov-2024,Argos,B,50.0810,-5.1453,3994,15411,1035,88,,,,,,
Sunbeetle,225760,UT,09:55:55 26-Nov-2024,Argos,B,50.0719,-5.2226,2726,8096,917,102,,,,,,
Sunbeetle,225760,UT,13:04:00 26-Nov-2024,Argos,B,50.0674,-5.2435,3266,7302,1460,100,,,,,,
Sunbeetle,225760,UT,13:33:16 26-Nov-2024,Argos,B,50.0713,-5.2207,3288,7900,1368,103,,,,,,
Sunbeetle,225760,UT,14:41:06 26-Nov-2024,Argos,B,50.0710,-5.2334,3249,6888,1531,99,,,,,,
Sunbeetle,225760,UT,16:22:52 26-Nov-2024,Argos,B,50.0821,-5.2341,1795,134188,24,72,,,,,,
Sunbeetle,225760,UT,17:49:36 26-Nov-2024,Argos,B,50.0926,-5.2088,781,2075,293,141,,,,,,
Sunbeetle,225760,UT,18:46:23 26-Nov-2024,Argos,B,50.0924,-5.2083,1068,2117,538,100,,,,,,
Sunbeetle,225760,UT,21:18:23 26-Nov-2024,Argos,B,50.1041,-5.2132,1901,3418,1057,91,,,,,,
Sunbeetle,225760,UT,10:15:09 27-Nov-2024,Argos,B,50.1221,-5.2363,3152,19013,522,97,,,,,,
Sunbeetle,225760,UT,11:01:28 27-Nov-2024,Argos,B,50.1028,-5.2423,2271,78757,65,106,,,,,,
Sunbeetle,225760,UT,11:42:16 27-Nov-2024,Argos,B,50.0972,-5.2416,2313,12093,442,105,,,,,,
Sunbeetle,225760,UT,12:43:46 27-Nov-2024,Argos,B,50.0925,-5.2425,2462,8271,733,105,,,,,,
Sunbeetle,225760,UT,13:56:51 27-Nov-2024,Argos,B,50.1012,-5.2308,1988,101314,39,107,,,,,,
Sunbeetle,225760,UT,17:19:26 27-Nov-2024,Argos,B,50.0915,-5.2201,1707,110737,26,82,,,,,,
Sunbeetle,225760,UT,19:56:44 27-Nov-2024,Argos,B,50.0775,-5.1869,2355,6366,871,82,,,,,,
Sunbeetle,225760,UT,07:01:31 28-Nov-2024,Argos,B,50.0587,-5.1176,3114,7322,1324,120,,,,,,
Sunbeetle,225760,UT,08:55:55 28-Nov-2024,Argos,B,50.1076,-5.2296,3387,6616,1734,127,,,,,,
Sunbeetle,225760,UT,09:59:45 28-Nov-2024,Argos,B,50.1112,-5.2421,2903,4188,2011,115,,,,,,
Sunbeetle,225760,UT,10:51:27 28-Nov-2024,Argos,3,50.0905,-5.1948,190,534,67,96,,,,,,
Sunbeetle,225760,UT,10:53:27 28-Nov-2024,Argos,2,50.0922,-5.1991,404,2813,58,107,,,,,,
Sunbeetle,225760,UT,11:29:48 28-Nov-2024,Argos,B,50.0892,-5.1945,2042,3257,1280,92,,,,,,
Sunbeetle,225760,UT,11:38:13 28-Nov-2024,Argos,B,50.0903,-5.1951,1991,3117,1271,93,,,,,,
Sunbeetle,225760,UT,13:06:21 28-Nov-2024,Argos,A,50.0934,-5.1951,347,982,122,32,,,,,,
Sunbeetle,225760,UT,13:06:43 28-Nov-2024,Argos,B,50.0897,-5.1972,126,566,27,95,,,,,,
Sunbeetle,225760,UT,14:46:25 28-Nov-2024,Argos,B,50.0842,-5.1901,1287,2113,783,97,,,,,,
Sunbeetle,225760,UT,16:43:48 28-Nov-2024,Argos,B,50.0827,-5.1850,1860,3456,1001,93,,,,,,
Sunbeetle,225760,UT,22:21:49 28-Nov-2024,Argos,B,50.0973,-5.1950,2686,6542,1102,85,,,,,,
Sunbeetle,225760,UT,06:24:47 29-Nov-2024,Argos,A,50.0945,-5.2095,784,33244,18,102,,,,,,
Sunbeetle,225760,UT,08:23:11 29-Nov-2024,Argos,B,50.0945,-5.2035,1677,3167,888,96,,,,,,
Sunbeetle,225760,UT,10:30:47 29-Nov-2024,Argos,B,50.0834,-5.2020,2103,4481,986,95,,,,,,
Sunbeetle,225760,UT,10:43:13 29-Nov-2024,Argos,B,50.0856,-5.2041,2089,4906,889,96,,,,,,
Sunbeetle,225760,UT,11:13:28 29-Nov-2024,Argos,B,50.0874,-5.2051,1979,5858,668,90,,,,,,
Sunbeetle,225760,UT,12:27:05 29-Nov-2024,Argos,B,50.0875,-5.2057,2101,4847,910,85,,,,,,
Sunbeetle,225760,UT,13:59:45 29-Nov-2024,Argos,B,50.0873,-5.2054,2237,4193,1193,92,,,,,,
Sunbeetle,225760,UT,19:50:42 29-Nov-2024,Argos,A,50.0888,-5.2036,122,151,97,85,,,,,,
Sunbeetle,225760,UT,21:03:16 29-Nov-2024,Argos,B,50.0949,-5.2037,1155,1852,719,89,,,,,,
Sunbeetle,225760,UT,21:56:23 29-Nov-2024,Argos,B,50.0954,-5.1990,1494,2281,977,88,,,,,,
Sunbeetle,225760,UT,23:38:15 29-Nov-2024,Argos,B,50.0858,-5.1967,1590,5105,494,83,,,,,,
Sunbeetle,225760,UT,05:43:07 30-Nov-2024,Argos,B,50.0974,-5.1642,2682,5982,1201,96,,,,,,
Sunbeetle,225760,UT,21:35:29 30-Nov-2024,Argos,3,50.0917,-5.2052,109,430,27,92,,,,,,
Sunbeetle,225760,UT,05:38:38 01-Dec-2024,Argos,B,50.0597,-5.1734,2391,6852,834,78,,,,,,Lat > 4 deviations from mean
Sunbeetle,225760,UT,07:32:43 01-Dec-2024,Argos,B,50.0895,-5.1967,1591,37296,67,94,,,,,,
Sunbeetle,225760,UT,10:13:10 01-Dec-2024,Argos,B,50.0882,-5.2069,820,4223,159,20,,,,,,
Sunbeetle,225760,UT,11:32:00 01-Dec-2024,Argos,B,50.0874,-5.2108,1430,1810,1129,74,,,,,,
Sunbeetle,225760,UT,16:14:46 01-Dec-2024,Argos,B,50.0986,-5.2174,2300,4740,1115,95,,,,,,
Sunbeetle,225760,UT,18:57:25 01-Dec-2024,Argos,B,50.0970,-5.2106,2616,4913,1392,85,,,,,,
Sunbeetle,225760,UT,08:47:04 02-Dec-2024,Argos,A,50.0894,-5.2017,190,542,66,133,,,,,,
Sunbeetle,225760,UT,10:02:14 02-Dec-2024,Argos,B,50.0880,-5.2042,1078,2070,561,97,,,,,,
Sunbeetle,225760,UT,11:09:29 02-Dec-2024,Argos,B,50.0872,-5.2066,1482,2531,867,100,,,,,,
Sunbeetle,225760,UT,13:20:43 02-Dec-2024,Argos,B,50.0919,-5.2082,2133,3527,1289,95,,,,,,
Sunbeetle,225760,UT,18:53:24 02-Dec-2024,Argos,B,50.0868,-5.1969,2308,92808,57,100,,,,,,
Sunbeetle,225760,UT,20:59:30 02-Dec-2024,Argos,1,50.0910,-5.2085,1050,29261,37,75,,,,,,
Sunbeetle,225760,UT,21:27:13 02-Dec-2024,Argos,B,50.0916,-5.2126,1168,3716,367,74,,,,,,
Sunbeetle,225760,UT,22:09:29 02-Dec-2024,Argos,B,50.0895,-5.2117,1255,11262,139,72,,,,,,
Sunbeetle,225760,UT,00:40:01 03-Dec-2024,Argos,B,50.0881,-5.2080,1134,12983,99,56,,,,,,
Sunbeetle,225760,UT,06:18:53 03-Dec-2024,Argos,B,50.0899,-5.2184,1897,26600,135,92,,,,,,
Sunbeetle,225760,UT,06:56:59 03-Dec-2024,Argos,B,50.0903,-5.2154,1995,10348,384,93,,,,,,
Sunbeetle,225760,UT,08:51:24 03-Dec-2024,User,,50.1121,-5.4422,,,,,,,,,,
Sunbeetle,225760,UT,11:34:50 03-Dec-2024,Argos,B,50.0900,-5.2124,2999,6750,1332,92,,,,,,
Sunbeetle,225760,UT,11:34:50 03-Dec-2024,Argos,B,50.0903,-5.2123,2981,6837,1299,91,,,,,,
Sunbeetle,225760,UT,12:01:36 03-Dec-2024,Argos,B,50.0939,-5.2896,2697,4938,1472,91,,,,,,
Sunbeetle,225760,UT,12:25:29 03-Dec-2024,Argos,B,50.0984,-5.3017,2685,4754,1516,88,,,,,,
Sunbeetle,225760,UT,13:09:14 03-Dec-2024,Argos,B,50.1021,-5.3016,2734,5198,1438,88,,,,,,
Sunbeetle,225760,UT,13:44:47 03-Dec-2024,Argos,B,50.1018,-5.3016,2813,5449,1451,88,,,,,,
Sunbeetle,225760,UT,20:12:58 03-Dec-2024,Argos,B,50.1054,-5.3975,3499,4929,2484,89,,,,,,
Sunbeetle,225760,UT,21:42:01 03-Dec-2024,Argos,B,50.0780,-5.4754,3337,4487,2481,115,,,,,,
Sunbeetle,225760,UT,22:18:25 03-Dec-2024,Argos,B,50.0811,-5.4829,2478,8534,719,104,,,,,,
Sunbeetle,225760,UT,22:59:55 03-Dec-2024,Argos,B,50.0816,-5.4818,1179,6092,228,13,,,,,,
Sunbeetle,225760,UT,23:37:19 03-Dec-2024,Argos,B,50.0793,-5.4899,1424,2014,1006,19,,,,,,
Sunbeetle,225760,UT,05:42:49 04-Dec-2024,Argos,B,50.0642,-5.5624,2695,4286,1693,72,,,,,,
Sunbeetle,225760,UT,09:38:07 04-Dec-2024,Argos,A,50.1269,-5.4495,152,346,66,78,,,,,,
Sunbeetle,225760,UT,11:51:03 04-Dec-2024,Argos,B,50.1068,-5.4695,1319,3215,540,98,,,,,,
Sunbeetle,225760,UT,12:05:13 04-Dec-2024,Argos,B,50.0925,-5.5709,3081,16883,562,92,,,,,,
Sunbeetle,225760,UT,12:53:42 04-Dec-2024,Argos,B,50.0958,-5.5664,2413,54776,106,103,,,,,,
Sunbeetle,225760,UT,13:29:15 04-Dec-2024,Argos,A,50.0872,-5.4479,662,1133,386,53,,,,,,
Sunbeetle,225760,UT,13:34:11 04-Dec-2024,Argos,B,50.0869,-5.4435,1646,2415,1121,78,,,,,,
Sunbeetle,225760,UT,15:10:02 04-Dec-2024,Argos,B,50.0877,-5.3545,4211,6915,2563,94,,,,,,
Sunbeetle,225760,UT,17:33:36 04-Dec-2024,Argos,A,50.0986,-5.3929,241,1424,40,79,,,,,,
Sunbeetle,225760,UT,17:38:17 04-Dec-2024,Argos,B,50.0988,-5.3925,481,930,248,83,,,,,,
Sunbeetle,225760,UT,20:59:30 04-Dec-2024,Argos,B,50.1030,-5.2803,1865,3262,1065,86,,,,,,
Sunbeetle,225760,UT,21:10:18 04-Dec-2024,Argos,B,50.0867,-5.2829,1865,3294,1055,97,,,,,,
Sunbeetle,225760,UT,21:10:18 04-Dec-2024,Argos,B,50.1001,-5.3962,1687,21795,130,76,,,,,,
Sunbeetle,225760,UT,21:59:14 04-Dec-2024,Argos,B,50.1003,-5.3960,1734,5858,513,79,,,,,,
Sunbeetle,225760,UT,22:43:48 04-Dec-2024,Argos,B,50.0970,-5.3734,1816,4226,780,82,,,,,,
Sunbeetle,225760,UT,23:06:35 04-Dec-2024,Argos,B,50.0935,-5.3885,1830,4707,711,90,,,,,,
Sunbeetle,225760,UT,00:45:44 05-Dec-2024,Argos,A,50.1086,-5.4778,294,851,101,108,,,,,,
Sunbeetle,225760,UT,05:08:32 05-Dec-2024,Argos,B,50.1146,-5.4716,4587,7226,2911,91,,,,,,
Sunbeetle,225760,UT,05:33:39 05-Dec-2024,Argos,B,50.0868,-5.4807,1921,135712,27,92,,,,,,
Sunbeetle,225760,UT,06:19:43 05-Dec-2024,Argos,B,50.0869,-5.4871,1738,6915,436,94,,,,,,
Sunbeetle,225760,UT,06:54:34 05-Dec-2024,Argos,B,50.0961,-5.5191,1157,20072,66,68,,,,,,
Sunbeetle,225760,UT,07:11:36 05-Dec-2024,Argos,B,50.0996,-5.5104,483,2725,85,139,,,,,,
Sunbeetle,225760,UT,11:36:28 05-Dec-2024,Argos,B,50.1222,-5.5887,2138,3708,1233,91,,,,,,
Sunbeetle,225760,UT,11:48:24 05-Dec-2024,Argos,B,50.1143,-5.5505,2039,42938,96,135,,,,,,
Sunbeetle,225760,UT,22:38:56 05-Dec-2024,Argos,B,50.0481,-5.5180,2421,25017,234,87,,,,,,
Sunbeetle,225760,UT,23:15:30 05-Dec-2024,Argos,B,50.0455,-5.6378,1948,12157,312,49,,,,,,
Sunbeetle,225760,UT,23:15:30 05-Dec-2024,Argos,B,50.0453,-5.6379,1356,8336,220,49,,,,,,
Sunbeetle,225760,UT,04:40:47 06-Dec-2024,Argos,B,50.0071,-5.8284,2665,94283,75,70,,,,,,
Sunbeetle,225760,UT,04:52:38 06-Dec-2024,Argos,B,50.0312,-5.7746,1277,6519,250,72,,,,,,
Sunbeetle,225760,UT,05:45:47 06-Dec-2024,Argos,A,50.0472,-5.7212,117,178,76,48,,,,,,
Sunbeetle,225760,UT,06:21:01 06-Dec-2024,Argos,B,50.0387,-5.7200,572,7744,42,71,,,,,,
Sunbeetle,225760,UT,06:30:42 06-Dec-2024,Argos,B,50.0418,-5.7123,322,2414,42,123,,,,,,
Sunbeetle,225760,UT,08:43:16 06-Dec-2024,Argos,B,50.0344,-5.7281,1119,25209,49,80,,,,,,
Sunbeetle,225760,UT,08:46:38 06-Dec-2024,Argos,B,50.0355,-5.7308,1509,2709,839,88,,,,,,
Sunbeetle,225760,UT,10:21:15 06-Dec-2024,Argos,B,50.0926,-5.6396,1323,9477,184,98,,,,,,
Sunbeetle,225760,UT,10:28:42 06-Dec-2024,Argos,B,50.0815,-5.6866,1743,4868,624,101,,,,,,
Sunbeetle,225760,UT,10:48:59 06-Dec-2024,Argos,A,50.0685,-5.4980,749,14127,39,103,,,,,,
Sunbeetle,225760,UT,11:29:36 06-Dec-2024,Argos,B,50.0749,-5.4991,1693,3259,879,94,,,,,,
Sunbeetle,225760,UT,12:34:02 06-Dec-2024,Argos,B,50.0848,-5.4953,1828,3091,1081,93,,,,,,
Sunbeetle,225760,UT,13:05:23 06-Dec-2024,Argos,A,50.1287,-5.4688,299,583,152,163,,,,,,
Sunbeetle,225760,UT,13:05:23 06-Dec-2024,Argos,A,50.1250,-5.4737,1041,2695,401,19,,,,,,
Sunbeetle,225760,UT,16:13:08 06-Dec-2024,Argos,B,50.2229,-5.4210,3078,4567,2074,85,,,,,,
Sunbeetle,225760,UT,17:48:16 06-Dec-2024,Argos,2,50.1231,-5.4606,368,594,228,109,,,,,,
Sunbeetle,225760,UT,18:30:25 06-Dec-2024,Argos,A,50.1153,-5.4757,224,565,89,94,,,,,,
Sunbeetle,225760,UT,18:30:44 06-Dec-2024,Argos,2,50.1146,-5.4721,342,949,122,77,,,,,,
Sunbeetle,225760,UT,19:07:14 06-Dec-2024,Argos,B,50.1133,-5.4752,2099,3243,1358,89,,,,,,
Sunbeetle,225760,UT,20:03:41 06-Dec-2024,Argos,B,50.1123,-5.4790,2685,4125,1747,92,,,,,,
Sunbeetle,225760,UT,20:03:41 06-Dec-2024,Argos,B,50.1125,-5.4776,2287,3541,1476,93,,,,,,
Sunbeetle,225760,UT,20:19:31 06-Dec-2024,Argos,B,50.1125,-5.4781,1393,2189,885,93,,,,,,
Sunbeetle,225760,UT,20:19:31 06-Dec-2024,Argos,B,50.1145,-5.4808,1338,2056,870,88,,,,,,
Sunbeetle,225760,UT,20:37:58 06-Dec-2024,Argos,B,50.1227,-5.4804,1044,24668,44,86,,,,,,
Sunbeetle,225760,UT,21:43:53 06-Dec-2024,Argos,B,50.1216,-5.4967,1441,3505,592,89,,,,,,
Sunbeetle,225760,UT,22:54:51 06-Dec-2024,Argos,B,50.1179,-5.5325,968,5984,156,44,,,,,,
Sunbeetle,225760,UT,22:54:51 06-Dec-2024,Argos,2,50.1096,-5.5413,313,879,111,84,,,,,,
Sunbeetle,225760,UT,06:50:24 07-Dec-2024,Argos,B,50.0872,-5.5521,4912,7017,3438,65,,,,,,
Sunbeetle,225760,UT,07:28:23 07-Dec-2024,Argos,B,50.0836,-5.5330,3146,12513,791,90,,,,,,
Sunbeetle,225760,UT,07:28:23 07-Dec-2024,Argos,B,50.0932,-5.4929,2596,13571,496,98,,,,,,
Sunbeetle,225760,UT,09:58:28 07-Dec-2024,Argos,B,50.0846,-5.5309,2943,11980,722,98,,,,,,
Sunbeetle,225760,UT,10:03:16 07-Dec-2024,Argos,B,50.0908,-5.4589,2712,9938,740,100,,,,,,
Sunbeetle,225760,UT,10:35:11 07-Dec-2024,Argos,B,50.0871,-5.4640,2790,9105,855,100,,,,,,
Sunbeetle,225760,UT,11:09:36 07-Dec-2024,Argos,B,50.0746,-5.4481,2679,8179,877,95,,,,,,
Sunbeetle,225760,UT,11:48:38 07-Dec-2024,Argos,B,50.0786,-5.4202,2629,7054,979,98,,,,,,
Sunbeetle,225760,UT,12:15:13 07-Dec-2024,Argos,B,50.0548,-5.3853,2429,6414,920,92,,,,,,
Sunbeetle,225760,UT,17:05:24 07-Dec-2024,Argos,A,49.9740,-5.3015,327,4361,24,79,,,,,,
Sunbeetle,225760,UT,18:16:54 07-Dec-2024,Argos,B,49.9591,-5.2886,1184,1930,726,89,,,,,,
Sunbeetle,225760,UT,18:47:08 07-Dec-2024,Argos,B,49.9585,-5.2789,1355,2429,756,90,,,,,,
Sunbeetle,225760,UT,19:34:14 07-Dec-2024,Argos,B,49.9580,-5.2772,1525,47773,48,108,,,,,,
Sunbeetle,225760,UT,19:43:26 07-Dec-2024,Argos,B,49.9932,-5.3728,412,4841,35,78,,,,,,
Sunbeetle,225760,UT,19:47:06 07-Dec-2024,Argos,B,49.9923,-5.3727,479,1665,137,80,,,,,,
Sunbeetle,225760,UT,20:49:36 07-Dec-2024,Argos,B,49.9822,-5.3596,1176,2032,679,87,,,,,,
Sunbeetle,225760,UT,22:11:21 07-Dec-2024,Argos,B,49.9993,-5.3509,1618,3468,754,94,,,,,,
Sunbeetle,225760,UT,22:30:31 07-Dec-2024,Argos,B,50.0261,-5.3772,1376,6661,284,88,,,,,,
Sunbeetle,225760,UT,22:42:03 07-Dec-2024,Argos,B,50.0269,-5.3778,1448,5708,367,88,,,,,,
Sunbeetle,225760,UT,23:52:58 07-Dec-2024,Argos,B,50.0208,-5.3633,1724,4044,735,91,,,,,,
Sunbeetle,225760,UT,06:20:43 08-Dec-2024,Argos,B,49.9857,-5.3417,2183,28720,165,154,,,,,,
Sunbeetle,225760,UT,09:33:53 08-Dec-2024,Argos,B,50.0529,-5.3482,1801,37260,87,134,,,,,,
Sunbeetle,225760,UT,10:30:00 08-Dec-2024,Argos,B,50.0970,-5.3700,1106,24041,50,103,,,,,,
Sunbeetle,225760,UT,11:01:23 08-Dec-2024,Argos,B,50.1067,-5.3805,836,6026,116,82,,,,,,
Sunbeetle,225760,UT,11:32:02 08-Dec-2024,Argos,B,50.1133,-5.3872,1084,2738,429,83,,,,,,
Sunbeetle,225760,UT,12:07:41 08-Dec-2024,Argos,B,50.1162,-5.3937,1299,2451,688,91,,,,,,
Sunbeetle,225760,UT,12:27:31 08-Dec-2024,Argos,B,50.1124,-5.3898,1483,2547,863,93,,,,,,
Sunbeetle,225760,UT,16:29:45 08-Dec-2024,Argos,B,50.1349,-5.3904,2447,4205,1423,85,,,,,,
Sunbeetle,225760,UT,18:05:23 08-Dec-2024,Argos,B,50.0506,-5.3794,2698,5845,1245,99,,,,,,
Sunbeetle,225760,UT,20:44:29 08-Dec-2024,Argos,B,49.9940,-5.2536,2421,12342,474,123,,,,,,
Sunbeetle,225760,UT,20:49:03 08-Dec-2024,Argos,B,49.9938,-5.2535,1796,7489,430,123,,,,,,
Sunbeetle,225760,UT,21:13:02 08-Dec-2024,Argos,B,50.0006,-5.2613,977,2230,428,102,,,,,,
Sunbeetle,225760,UT,22:13:58 08-Dec-2024,Argos,B,49.9892,-5.2481,1414,2589,772,100,,,,,,
Sunbeetle,225760,UT,07:29:57 09-Dec-2024,Argos,B,49.8919,-5.1448,3195,6317,1615,104,,,,,,
Sunbeetle,225760,UT,07:29:57 09-Dec-2024,Argos,B,49.9197,-5.1189,3108,6704,1440,104,,,,,,
Sunbeetle,225760,UT,09:02:13 09-Dec-2024,Argos,B,49.9315,-5.1958,5834,17260,1972,120,,,,,,
Sunbeetle,225760,UT,10:26:41 09-Dec-2024,Argos,B,49.9726,-5.2348,3556,18223,693,98,,,,,,
Sunbeetle,225760,UT,11:03:15 09-Dec-2024,Argos,B,49.9626,-5.2015,3162,13818,723,95,,,,,,
Sunbeetle,225760,UT,12:06:47 09-Dec-2024,Argos,B,49.9608,-5.1925,2846,9825,824,90,,,,,,
Sunbeetle,225760,UT,17:22:58 09-Dec-2024,Argos,B,49.9827,-5.0885,2372,116707,48,115,,,,,,
Sunbeetle,225760,UT,20:50:17 09-Dec-2024,Argos,B,49.9832,-5.0482,3448,10765,1104,109,,,,,,
Sunbeetle,225760,UT,22:14:50 09-Dec-2024,Argos,B,49.9846,-5.0563,3780,10288,1388,102,,,,,,
Sunbeetle,225760,UT,22:32:37 09-Dec-2024,Argos,B,49.9956,-5.0807,3422,10749,1089,95,,,,,,
Sunbeetle,225760,UT,11:43:03 10-Dec-2024,Argos,B,50.0768,-5.0905,1414,6702,298,171,,,,,,
Sunbeetle,225760,UT,11:43:35 10-Dec-2024,Argos,B,50.1054,-5.0964,407,1265,130,34,,,,,,
Sunbeetle,225760,UT,13:24:39 10-Dec-2024,Argos,B,50.1051,-5.0796,1413,2140,933,88,,,,,,
Sunbeetle,225760,UT,13:24:39 10-Dec-2024,Argos,B,50.1049,-5.0810,1403,2091,941,89,,,,,,
Sunbeetle,225760,UT,18:05:56 10-Dec-2024,Argos,B,50.1071,-5.0403,2729,4326,1721,88,,,,,,
Sunbeetle,225760,UT,19:55:32 10-Dec-2024,Argos,B,50.1056,-5.0416,3161,5929,1685,81,,,,,,
Sunbeetle,225760,UT,19:55:32 10-Dec-2024,Argos,B,50.1036,-5.0370,3081,5919,1603,78,,,,,,
Sunbeetle,225760,UT,20:26:39 10-Dec-2024,Argos,B,50.1036,-5.0462,2795,4113,1898,68,,,,,,
Sunbeetle,225760,UT,21:30:42 10-Dec-2024,Argos,B,50.0346,-5.0912,1609,26834,96,128,,,,,,
Sunbeetle,225760,UT,21:34:28 10-Dec-2024,Argos,B,50.0288,-5.0856,1526,9837,236,128,,,,,,
Sunbeetle,225760,UT,22:07:28 10-Dec-2024,Argos,B,50.0145,-5.0834,1529,3265,715,120,,,,,,
Sunbeetle,225760,UT,23:18:33 10-Dec-2024,Argos,B,50.0067,-5.0620,1624,2337,1128,110,,,,,,
Sunbeetle,225760,UT,23:45:53 10-Dec-2024,Argos,B,50.0116,-5.0726,1910,2088,1747,70,,,,,,
Sunbeetle,225760,UT,23:03:07 11-Dec-2024,Argos,B,49.7644,-4.7826,4297,8398,2198,99,,,,,,Lat > 4 deviations from mean
Sunbeetle,225760,UT,21:09:04 12-Dec-2024,Argos,B,50.0546,-5.1474,5259,14688,1883,79,,,,,,
Sunbeetle,225760,UT,07:39:07 13-Dec-2024,Argos,B,49.9220,-5.1001,3798,77514,186,20,,,,,,
Sunbeetle,225760,UT,00:32:32 14-Dec-2024,Argos,B,50.0543,-5.0531,3839,7741,1903,86,,,,,,
Sunbeetle,225760,UT,05:24:24 14-Dec-2024,Argos,B,50.0428,-4.9961,4410,9453,2057,89,,,,,,
Sunbeetle,225760,UT,06:31:20 14-Dec-2024,Argos,B,50.0677,-4.9945,4385,9517,2020,100,,,,,,
Sunbeetle,225760,UT,17:55:58 14-Dec-2024,Argos,B,50.1214,-5.0057,4447,21508,919,92,,,,,,
Sunbeetle,225760,UT,18:27:09 14-Dec-2024,Argos,B,50.1163,-4.9694,5020,32799,768,93,,,,,,
Sunbeetle,225760,UT,19:11:48 14-Dec-2024,Argos,B,50.1134,-4.9769,3477,10096,1197,100,,,,,,
Sunbeetle,225760,UT,01:24:15 15-Dec-2024,Argos,B,50.1356,-5.0232,1743,42890,70,62,,,,,,
