DeployID,Ptt,Instr,Date,Duplicates,Satellite,LocationQuality,Latitude,Longitude,Reason,Possible Timestamp,Possible Type,Byte 0,Byte 1,Byte 2,Byte 3,Byte 4,Byte 5,Byte 6,Byte 7,Byte 8,Byte 9,Byte 10,Byte 11,Byte 12,Byte 13,Byte 14,Byte 15,Byte 16,Byte 17,Byte 18,Byte 19,Byte 20,Byte 21,Byte 22,Byte 23,Byte 24,Byte 25,Byte 26,Byte 27,Byte 28,Byte 29,Byte 30,Byte 31
Sunbeetle,225760,UT,19:21:22 07-Nov-2024,,,,,,CRC,16:02:24 07-Nov-2024,Fast-GPS,133,158,1,48,4,87,6,81,122,193,103,57,224,197,91,100,203,134,133,158,106,170,0,,,,,,,,,
Sunbeetle,225760,UT,19:22:07 07-Nov-2024,,,,,,CRC ee5f.8cdd,,,29,217,23,194,206,240,0,15,130,2,2,107,0,0,124,16,16,19,200,,,,,,,,,,,,,
Sunbeetle,225760,UT,11:38:21 08-Nov-2024,,,,,,CRC,06:51:35 08-Nov-2024,Fast-GPS,165,160,217,198,153,57,3,138,138,183,236,248,124,224,98,74,197,212,111,209,173,48,101,150,245,85,85,,,,,
Sunbeetle,225760,UT,17:06:14 08-Nov-2024,,,1,50.0954,-5.2027,CRC 55e7.eaf0,13:00:00 08-Nov-2024,CumulativeDist,10,177,57,194,208,208,0,15,130,2,6,115,64,0,44,16,84,150,210,,,,,,,,,,,,,
Sunbeetle,225760,UT,21:25:13 08-Nov-2024,,,B,50.0961,-5.2066,CRC,,Fast-GPS,133,130,47,134,0,149,214,61,235,206,58,14,156,185,159,74,228,197,197,162,44,152,0,,,,,,,,,
Sunbeetle,225760,UT,05:33:40 09-Nov-2024,,,B,50.0700,-5.1890,CRC,02:00:00 09-Nov-2024,Fast-GPS,101,164,64,0,25,44,29,152,70,171,66,65,11,23,134,52,45,37,134,128,6,0,0,,,,,,,,,
Sunbeetle,225760,UT,16:29:04 09-Nov-2024,,,B,50.0899,-5.2020,CRC 4c63.45fd,09:00:00 09-Nov-2024,CumulativeDist,9,145,24,194,210,144,0,15,130,3,3,248,16,21,236,151,251,236,60,,,,,,,,,,,,,
Sunbeetle,225760,UT,22:16:12 09-Nov-2024,,,B,50.0905,-5.2474,CRC,18:45:15 09-Nov-2024,Fast-GPS,165,166,86,158,6,115,158,250,99,111,111,206,98,172,166,183,206,79,178,166,47,85,33,60,207,131,192,,,,,
Sunbeetle,225760,UT,18:03:47 10-Nov-2024,,,B,50.0923,-5.2021,CRC ee24.1fa4,,,29,213,9,2,212,208,0,15,130,2,2,126,0,0,124,16,16,19,233,,,,,,,,,,,,,
Sunbeetle,225760,UT,05:29:58 11-Nov-2024,,,2,50.0914,-5.1994,CRC,03:02:54 11-Nov-2024,Fast-GPS,101,172,97,108,31,181,244,25,77,143,91,209,20,202,204,188,45,101,119,176,0,0,0,,,,,,,,,
Sunbeetle,225760,UT,10:04:27 11-Nov-2024,,,B,50.0937,-5.2033,CRC e904.fb2f,07:00:00 11-Nov-2024,CumulativeDist,29,49,1,2,214,112,0,15,130,2,108,207,18,91,163,100,165,155,21,,,,,,,,,,,,,
Sunbeetle,225760,UT,10:47:21 11-Nov-2024,,,B,50.0927,-5.2071,CRC e904.1ada,07:00:00 11-Nov-2024,CumulativeDist,29,49,1,2,214,112,0,15,130,2,88,90,205,6,6,63,24,209,243,,,,,,,,,,,,,
Sunbeetle,225760,UT,11:02:42 11-Nov-2024,,,B,50.0934,-5.2065,CRC 5027.a332,09:00:00 11-Nov-2024,CumulativeDist,10,17,9,194,214,144,0,9,226,224,191,138,239,32,160,151,140,225,190,,,,,,,,,,,,,
Sunbeetle,225760,UT,18:22:38 11-Nov-2024,,,B,50.0897,-5.2104,CRC,16:35:32 11-Nov-2024,Fast-GPS,133,174,17,192,201,76,38,3,232,0,215,44,100,250,34,238,228,24,37,174,11,74,64,,,,,,,,,
Sunbeetle,225760,UT,18:23:23 11-Nov-2024,,,B,50.0897,-5.2104,CRC,17:49:21 11-Nov-2024,Fast-GPS,197,174,56,170,103,82,37,200,105,224,18,176,97,90,210,114,141,253,29,183,246,219,141,193,154,164,197,,,,,
Sunbeetle,225760,UT,06:23:28 12-Nov-2024,,,B,50.1017,-5.1471,CRC,05:35:50 12-Nov-2024,Fast-GPS,165,176,177,228,17,55,17,217,13,73,93,98,65,176,41,20,2,90,51,28,58,244,70,202,91,87,226,,,,,
Sunbeetle,225760,UT,09:42:34 12-Nov-2024,,,B,50.0807,-5.1986,CRC cd05.ef04,,,25,177,1,66,222,83,47,,,,,,,,,,,,,,,,,,,,,,,,,
Sunbeetle,225760,UT,11:23:55 12-Nov-2024,,,B,50.0877,-5.2073,CRC c7ae.1a1a,,,24,241,43,130,217,12,137,224,33,134,120,203,230,173,251,19,249,183,23,,,,,,,,,,,,,
Sunbeetle,225760,UT,13:08:42 12-Nov-2024,,,B,50.0787,-5.2126,CRC,11:00:01 12-Nov-2024,Fast-GPS,229,177,96,2,42,8,214,143,212,247,205,199,117,38,194,100,144,131,143,183,74,168,135,28,234,230,216,194,169,0,4,
Sunbeetle,225760,UT,13:10:11 12-Nov-2024,,,B,50.0787,-5.2126,CRC,13:08:42 12-Nov-2024,Fast-GPS,197,177,164,84,125,0,140,132,73,176,145,7,63,162,190,164,111,18,24,191,86,244,90,22,198,148,88,,,,,
Sunbeetle,225760,UT,20:06:51 13-Nov-2024,,,B,50.0920,-5.2438,CRC 6d25.ad26,17:00:00 13-Nov-2024,CumulativeDist,13,177,9,66,219,16,0,15,162,2,2,14,0,0,0,,,,,,,,,,,,,,,,,
Sunbeetle,225760,UT,08:14:20 14-Nov-2024,,,A,50.0912,-5.2044,CRC 0c05.cfcd,03:00:00 14-Nov-2024,CumulativeDist,1,145,1,66,220,48,16,,,,,,,,,,,,,,,,,,,,,,,,,
Sunbeetle,225760,UT,09:01:46 14-Nov-2024,,,B,50.0860,-5.2016,CRC,07:36:32 14-Nov-2024,Fast-GPS,101,184,242,64,61,88,196,239,246,90,133,195,0,100,228,251,45,201,6,208,0,0,0,,,,,,,,,
Sunbeetle,225760,UT,09:49:22 14-Nov-2024,,,B,50.0844,-5.2017,CRC,07:36:32 14-Nov-2024,Fast-GPS,101,184,242,64,60,88,196,239,247,90,164,151,147,201,254,159,221,201,190,150,48,96,14,,,,,,,,,
Sunbeetle,225760,UT,16:24:32 14-Nov-2024,,,B,50.0808,-5.2075,CRC,01:00:01 14-Nov-2024,Fast-GPS,165,184,32,2,12,184,165,176,53,245,181,147,174,76,28,59,40,195,54,194,9,214,109,191,194,154,82,,,,,
Sunbeetle,225760,UT,18:27:11 14-Nov-2024,,,B,50.0781,-5.2086,CRC,12:47:05 28-Oct-2024,Fast-GPS,165,113,151,138,124,57,39,34,204,193,175,139,34,24,111,144,109,98,55,162,168,191,73,162,128,16,0,,,,,
Sunbeetle,225760,UT,12:27:36 15-Nov-2024,,,B,50.1048,-5.2284,CRC 8b4e.5157,07:00:00 15-Nov-2024,CumulativeDist,17,113,19,130,222,112,0,15,130,2,2,105,0,0,92,26,23,138,71,,,,,,,,,,,,,
Sunbeetle,225760,UT,23:36:58 16-Nov-2024,,,B,50.0889,-5.2046,CRC 9c15.5614,19:00:00 16-Nov-2024,CumulativeDist,19,145,5,98,225,48,0,,,,,,,,,,,,,,,,,,,,,,,,,
Sunbeetle,225760,UT,05:35:41 17-Nov-2024,,,B,50.0906,-5.2040,CRC (both failed),,,42,40,0,255,255,255,129,1,0,33,113,19,255,255,255,94,45,224,255,255,255,186,17,1,0,17,23,255,255,255,10,
Sunbeetle,225760,UT,07:00:49 17-Nov-2024,,,B,50.1091,-5.2081,CRC 41.a5,00:00:00 03-Oct-2024,DailyData,8,33,17,130,226,80,0,0,0,0,248,32,32,36,0,,,,,,,,,,,,,,,,,
Sunbeetle,225760,UT,07:06:22 17-Nov-2024,,,B,50.1028,-5.2071,Length 7?,08:10:33 04-Nov-2021,Fast-GPS,141,145,5,66,227,48,0,,,,,,,,,,,,,,,,,,,,,,,,,
Sunbeetle,225760,UT,11:32:19 17-Nov-2024,,,B,50.0958,-5.2135,CRC,,Fast-GPS,199,237,126,170,99,188,203,14,89,121,193,41,12,242,231,90,113,37,133,30,183,220,122,151,21,192,144,,,,,
Sunbeetle,225760,UT,14:56:20 17-Nov-2024,,,B,50.1016,-5.2301,CRC,,Fast-GPS,177,131,105,35,90,70,74,41,85,211,95,125,103,73,250,8,199,55,119,56,187,132,225,,,,,,,,,
Sunbeetle,225760,UT,08:08:44 18-Nov-2024,,,B,50.0985,-5.2744,CRC,05:24:12 18-Nov-2024,Fast-GPS,133,200,172,24,93,84,186,81,84,52,240,196,225,194,159,108,56,35,101,73,4,86,0,,,,,,,,,
Sunbeetle,225760,UT,12:30:40 18-Nov-2024,,,B,50.0903,-5.2449,CRC,07:24:12 18-Nov-2024,Fast-GPS,133,200,236,24,93,84,186,113,84,54,247,27,31,63,128,139,231,254,13,56,61,106,204,,,,,,,,,
Sunbeetle,225760,UT,23:42:56 18-Nov-2024,,,2,50.0937,-5.1949,CRC,21:33:48 18-Nov-2024,Fast-GPS,101,202,176,224,223,84,160,36,9,208,4,236,240,118,210,247,141,252,58,114,14,103,154,,,,,,,,,
Sunbeetle,225760,UT,23:49:57 18-Nov-2024,,,2,50.0937,-5.1949,CRC,23:48:25 18-Nov-2024,Fast-GPS,133,202,248,50,87,12,5,7,222,220,40,47,151,172,247,50,49,211,103,198,238,145,125,134,98,19,30,,,,,
Sunbeetle,225760,UT,11:00:46 19-Nov-2024,,,B,50.0859,-5.1918,CRC 9857.a8fd,09:00:00 19-Nov-2024,CumulativeDist,19,17,21,194,230,144,0,15,162,2,2,108,0,0,124,16,16,19,224,,,,,,,,,,,,,
Sunbeetle,225760,UT,19:07:53 19-Nov-2024,,,B,50.0644,-5.1017,CRC adb7.bdb7,15:00:00 19-Nov-2024,CumulativeDist,21,177,45,194,230,240,0,15,130,2,2,110,0,0,124,16,16,19,112,,,,,,,,,,,,,
Sunbeetle,225760,UT,10:54:28 20-Nov-2024,,,B,50.0710,-5.1569,CRC,09:30:14 20-Nov-2024,Fast-GPS,165,209,47,28,42,81,67,164,112,164,94,166,173,208,148,60,207,130,212,254,222,117,233,211,5,67,244,,,,,
Sunbeetle,225760,UT,11:31:24 20-Nov-2024,,,B,50.0908,-5.1867,CRC,08:37:39 20-Nov-2024,Fast-GPS,101,209,18,206,245,202,51,150,139,88,145,123,93,172,98,93,44,139,33,81,7,38,164,,,,,,,,,
Sunbeetle,225760,UT,17:16:38 20-Nov-2024,,,B,50.1188,-5.2169,CRC,17:20:05 20-Nov-2024,Fast-GPS,165,210,42,10,206,181,166,16,99,98,192,197,192,170,215,91,3,135,191,161,219,56,45,48,79,250,6,,,,,
Sunbeetle,225760,UT,06:57:00 21-Nov-2024,,,2,50.0921,-5.2028,CRC,05:33:46 21-Nov-2024,Fast-GPS,165,212,176,220,50,188,217,223,218,79,237,248,135,213,22,154,37,21,50,157,164,6,51,21,88,118,31,,,,,
Sunbeetle,225760,UT,06:56:03 21-Nov-2024,,,B,50.0923,-5.2027,CRC 2539.0cc4,03:00:00 21-Nov-2021,CumulativeDist,4,177,14,70,234,48,128,15,130,2,2,93,0,0,124,16,144,17,36,,,,,,,,,,,,,
Sunbeetle,225760,UT,11:14:02 21-Nov-2024,,,B,50.0923,-5.2136,CRC,,Fast-GPS,164,127,97,135,89,114,138,157,28,221,4,4,148,31,23,87,6,164,30,230,132,115,217,56,194,187,149,,,,,
Sunbeetle,225760,UT,12:18:55 21-Nov-2024,,,B,50.0891,-5.2002,CRC,08:43:00 29-Nov-2024,Fast-GPS,197,245,21,128,243,147,160,155,150,56,214,110,21,211,55,104,24,5,137,194,173,134,21,151,86,37,176,,,,,
Sunbeetle,225760,UT,13:30:08 21-Nov-2024,,,B,50.0864,-5.1991,CRC 89fa.49fe,11:00:00 21-Nov-2024,CumulativeDist,17,49,62,130,234,176,0,15,130,2,2,122,0,0,124,0,16,19,152,,,,,,,,,,,,,
Sunbeetle,225760,UT,13:30:53 21-Nov-2024,,,B,50.0864,-5.1991,CRC,13:30:08 21-Nov-2024,Fast-GPS,165,213,175,16,190,82,44,50,142,123,254,182,18,237,139,193,110,199,246,213,144,186,181,237,0,0,0,,,,,
Sunbeetle,225760,UT,09:39:41 22-Nov-2024,,,B,50.0891,-5.2508,CRC 27d8.6c38,05:00:00 22-Nov-2024,CumulativeDist,4,241,54,2,236,80,0,15,130,36,189,28,192,16,126,8,56,9,162,,,,,,,,,,,,,
Sunbeetle,225760,UT,11:06:10 22-Nov-2024,,,B,50.0998,-5.2232,CRC 27d8.e6c9,05:00:00 22-Nov-2024,CumulativeDist,4,241,54,2,236,80,0,15,130,2,2,61,16,0,124,16,16,19,64,,,,,,,,,,,,,
Sunbeetle,225760,UT,17:24:17 22-Nov-2024,,,B,50.1060,-5.2144,CRC,,Fast-GPS,133,219,12,48,229,89,182,32,219,3,163,44,223,210,115,47,232,126,77,19,181,152,48,,,,,,,,,
Sunbeetle,225760,UT,17:35:11 22-Nov-2024,,,B,50.1036,-5.2182,CRC 922c.a1e7,15:00:00 04-Nov-2024,CumulativeDist,18,81,11,2,200,240,64,15,130,2,2,118,0,0,124,16,144,19,136,,,,,,,,,,,,,
Sunbeetle,225760,UT,09:25:22 23-Nov-2024,,,A,50.0885,-5.1835,CRC 725d.735d,05:00:00 23-Nov-2024,CumulativeDist,14,81,23,66,238,80,0,15,130,2,2,65,0,0,124,16,16,18,240,,,,,,,,,,,,,
Sunbeetle,225760,UT,10:15:46 23-Nov-2024,,,B,50.0912,-5.1728,CRC ee7b.c844,07:00:00 23-Nov-2024,CumulativeDist,29,209,30,194,238,112,0,15,134,131,207,53,37,0,124,16,48,19,32,,,,,,,,,,,,,
Sunbeetle,225760,UT,12:00:53 23-Nov-2024,,,B,50.0942,-5.1718,CRC,12:00:00 23-Nov-2024,Fast-GPS,165,221,128,0,185,247,172,57,48,182,61,231,229,108,171,81,136,158,147,113,61,158,82,62,23,113,38,,,,,
Sunbeetle,225760,UT,12:36:06 23-Nov-2024,,,B,50.0887,-5.1751,CRC ee7b.eef3,07:00:00 23-Nov-2024,CumulativeDist,29,209,30,194,238,112,0,15,130,2,2,61,0,0,122,16,16,19,32,,,,,,,,,,,,,
Sunbeetle,225760,UT,12:35:21 23-Nov-2024,,,A,50.0933,-5.2050,CRC,10:57:27 23-Nov-2024,Fast-GPS,165,221,92,182,179,187,199,118,106,247,96,70,201,232,206,60,123,167,245,2,104,187,178,55,0,32,0,,,,,
Sunbeetle,225760,UT,12:38:06 23-Nov-2024,,,A,50.0933,-5.2050,CRC ee18.46fa,09:00:00 23-Nov-2024,CumulativeDist,29,209,6,2,238,144,0,15,130,2,2,19,0,0,124,16,18,22,207,,,,,,,,,,,,,
Sunbeetle,225760,UT,18:45:33 23-Nov-2024,,,A,50.0888,-5.1728,CRC,13:06:40 23-Nov-2024,Fast-GPS,133,221,163,80,127,51,135,220,5,97,221,236,41,135,195,76,201,153,57,12,142,12,140,,,,,,,,,
Sunbeetle,225760,UT,07:17:21 24-Nov-2024,,,B,50.0910,-5.2032,CRC f919.5b80,05:00:00 24-Nov-2024,CumulativeDist,31,49,6,66,240,80,0,0,0,0,248,32,36,6,21,,,,,,,,,,,,,,,,,
Sunbeetle,225760,UT,07:18:38 24-Nov-2024,,,B,50.0910,-5.2032,CRC 61f9.89fe,23:00:00 23-Nov-2024,CumulativeDist,12,49,62,66,239,112,0,15,130,130,2,22,0,0,124,16,16,18,144,,,,,,,,,,,,,
Sunbeetle,225760,UT,10:35:51 24-Nov-2024,,,B,50.0854,-5.2058,CRC,04:56:51 24-Nov-2024,Fast-GPS,133,224,156,102,153,150,227,84,180,30,59,248,226,144,7,88,254,42,165,225,81,226,0,,,,,,,,,
Sunbeetle,225760,UT,10:35:51 24-Nov-2024,,,B,50.0850,-5.1991,CRC,04:40:48 24-Nov-2024,Fast-GPS,133,224,148,96,152,150,249,86,180,30,50,232,230,160,7,16,254,42,165,225,81,226,0,,,,,,,,,
Sunbeetle,225760,UT,12:13:51 24-Nov-2024,,,B,50.0917,-5.2044,CRC 2041.44e9,09:00:00 24-Nov-2024,CumulativeDist,4,17,16,66,240,144,0,15,130,2,2,114,0,0,88,16,16,51,109,,,,,,,,,,,,,
Sunbeetle,225760,UT,12:18:04 24-Nov-2024,,,B,50.0917,-5.2044,CRC,11:05:53 24-Nov-2024,Fast-GPS,133,225,98,234,124,52,242,28,194,66,39,103,65,145,64,244,101,211,78,27,140,199,67,,,,,,,,,
Sunbeetle,225760,UT,12:18:04 24-Nov-2024,,,A,50.0945,-5.2059,CRC,11:05:53 24-Nov-2024,Fast-GPS,133,225,98,234,126,52,242,148,33,110,39,199,69,155,48,55,160,66,192,173,47,95,208,,,,,,,,,
Sunbeetle,225760,UT,18:18:13 24-Nov-2024,,,B,50.0957,-5.2037,CRC,18:17:21 24-Nov-2024,Fast-GPS,133,226,72,170,249,83,238,52,193,195,25,7,215,38,201,117,27,248,0,125,66,95,187,,,,,,,,,
Sunbeetle,225760,UT,05:31:19 25-Nov-2024,,,B,50.0846,-5.2304,CRC,05:31:01 25-Nov-2024,Fast-GPS,101,228,175,130,136,136,164,183,92,53,186,33,188,179,191,145,47,37,125,32,0,0,0,,,,,,,,,
Sunbeetle,225760,UT,05:32:05 25-Nov-2024,,,B,50.0846,-5.2304,CRC 154.51,05:32:03 25-Nov-2024,Status,83,80,180,133,40,161,226,206,252,150,0,211,84,6,163,20,61,255,25,204,210,6,46,81,82,51,255,193,212,0,0,
Sunbeetle,225760,UT,09:50:11 25-Nov-2024,,,B,50.0827,-5.2345,CRC a510.6e2b,05:00:00 25-Nov-2024,CumulativeDist,20,177,4,2,242,80,0,0,0,0,248,32,32,35,32,195,128,180,81,67,219,182,13,99,204,100,54,36,251,123,35,
Sunbeetle,225760,UT,11:27:07 25-Nov-2024,,,B,50.0747,-5.2140,CRC,05:31:33 29-Nov-2022,Fast-GPS,117,244,175,194,136,152,164,159,28,53,250,33,188,163,191,195,47,43,108,96,0,0,0,,,,,,,,,
Sunbeetle,225760,UT,12:02:48 25-Nov-2024,,,A,50.0876,-5.1951,CRC,09:16:39 16-Nov-2024,Fast-GPS,101,193,40,78,122,155,19,135,229,255,39,225,201,204,7,59,67,211,34,185,72,161,2,,,,,,,,,
Sunbeetle,225760,UT,12:04:33 25-Nov-2024,,,A,50.0876,-5.1951,CRC,11:23:09 25-Nov-2024,Fast-GPS,101,229,107,147,121,37,188,36,246,181,160,9,3,216,2,103,47,44,18,,,,,,,,,,,,,
Sunbeetle,225760,UT,12:10:26 25-Nov-2024,,,B,50.0875,-5.1950,CRC a517.1a91,05:00:00 25-Nov-2024,CumulativeDist,20,177,5,226,242,80,0,0,0,0,248,32,32,35,32,,,,,,,,,,,,,,,,,
Sunbeetle,225760,UT,18:13:55 25-Nov-2024,,,B,50.0863,-5.1876,CRC,11:23:09 25-Nov-2024,Fast-GPS,101,229,107,146,121,37,188,38,244,4,32,54,82,199,145,68,78,115,148,253,226,135,193,,,,,,,,,
Sunbeetle,225760,UT,19:56:58 25-Nov-2024,,,B,50.0865,-5.1692,CRC,19:19:25 25-Nov-2024,Fast-GPS,133,230,105,178,236,197,239,217,105,212,170,105,37,116,4,77,109,47,118,253,148,97,64,,,,,,,,,
Sunbeetle,225760,UT,09:47:16 26-Nov-2024,,,B,50.0810,-5.1453,CRC,05:43:58 26-Nov-2022,Fast-GPS,149,232,181,244,51,224,180,180,182,150,146,91,79,105,43,72,165,52,103,232,18,181,255,,,,,,,,,
Sunbeetle,225760,UT,09:55:55 26-Nov-2024,,,B,50.0719,-5.2226,CRC,08:01:16 26-Nov-2024,Fast-GPS,101,233,0,160,40,190,202,95,130,185,114,159,17,43,51,197,47,73,223,96,0,2,0,,,,,,,,,
Sunbeetle,225760,UT,16:21:05 26-Nov-2024,,,B,50.0821,-5.2341,CRC,13:45:18 26-Nov-2024,Fast-GPS,101,233,182,164,121,80,60,71,24,102,253,11,157,242,174,133,47,80,84,64,0,0,5,,,,,,,,,
Sunbeetle,225760,UT,16:24:40 26-Nov-2024,,,B,50.0821,-5.2341,CRC,15:48:33 26-Nov-2024,Fast-GPS,101,233,248,66,92,79,44,166,224,118,251,249,200,143,250,177,151,230,30,206,80,67,95,,,,,,,,,
Sunbeetle,225760,UT,17:49:09 26-Nov-2024,,,B,50.0926,-5.2088,CRC e2a4.b688,11:00:00 26-Nov-2024,CumulativeDist,28,81,41,2,244,180,16,15,130,2,2,119,1,0,124,16,16,27,192,,,,,,,,,,,,,
Sunbeetle,225760,UT,17:50:04 26-Nov-2024,,,B,50.0926,-5.2088,CRC,15:48:33 10-Nov-2024,Fast-GPS,101,169,248,66,93,207,44,166,224,6,8,140,62,246,39,191,43,81,200,49,0,0,0,,,,,,,,,
Sunbeetle,225760,UT,18:46:24 26-Nov-2024,,,B,50.0924,-5.2083,CRC,12:27:42 26-Nov-2024,Fast-GPS,133,233,141,212,51,111,12,34,250,122,153,134,208,1,145,179,187,93,5,234,87,46,0,,,,,,,,,
Sunbeetle,225760,UT,10:15:10 27-Nov-2024,,,B,50.1221,-5.2363,CRC,09:06:02 27-Nov-2024,Fast-GPS,133,237,35,4,10,62,131,210,236,161,36,31,5,40,229,99,108,57,197,237,71,146,0,,,,,,,,,
Sunbeetle,225760,UT,11:01:28 27-Nov-2024,,,B,50.1028,-5.2423,CRC,09:06:02 27-Nov-2024,Fast-GPS,133,237,35,4,42,62,131,82,236,161,36,31,5,40,229,204,108,57,197,237,96,182,0,,,,,,,,,
Sunbeetle,225760,UT,11:42:16 27-Nov-2024,,,B,50.0972,-5.2416,CRC 0383.5179,01:00:00 03-Aug-2021,CumulativeDist,0,113,32,214,6,18,175,200,116,247,217,157,255,127,135,128,155,160,165,,,,,,,,,,,,,
Sunbeetle,225760,UT,13:58:40 27-Nov-2024,,,B,50.1012,-5.2308,CRC,09:06:02 27-Nov-2024,Fast-GPS,133,237,35,4,42,62,131,210,236,161,32,31,5,40,229,206,108,57,197,237,189,78,0,,,,,,,,,
Sunbeetle,225760,UT,17:16:58 27-Nov-2024,,,B,50.0915,-5.2201,CRC 03ce.03c6,09:00:00 27-Nov-2024,CumulativeDist,0,113,51,130,246,144,0,15,130,2,2,110,0,0,124,16,16,19,72,,,,,,,,,,,,,
Sunbeetle,225760,UT,17:21:55 27-Nov-2024,,,B,50.0915,-5.2201,CRC,21:21:17 27-Oct-2024,Fast-GPS,101,110,170,163,236,195,225,179,31,151,243,200,62,56,18,77,130,210,210,92,110,204,23,,,,,,,,,
Sunbeetle,225760,UT,19:56:44 27-Nov-2024,,,B,50.0775,-5.1869,CRC 163.51,19:56:44 27-Nov-2024,Status,84,112,180,165,40,161,226,78,253,238,138,218,20,43,183,16,53,255,58,204,82,6,248,19,138,147,255,193,122,0,2,
Sunbeetle,225760,UT,08:55:55 28-Nov-2024,,,B,50.1076,-5.2296,CRC 241e.221e,05:00:00 28-Nov-2024,CumulativeDist,4,145,7,146,248,84,0,,,,,,,,,,,,,,,,,,,,,,,,,
Sunbeetle,225760,UT,09:59:46 28-Nov-2024,,,B,50.1112,-5.2421,CRC,09:58:41 28-Nov-2024,Fast-GPS,133,241,61,82,112,31,239,74,188,176,127,226,210,109,174,116,40,17,229,244,93,218,0,,,,,,,,,
Sunbeetle,225760,UT,10:51:50 28-Nov-2024,,,3,50.0905,-5.1948,CRC 241e.dbe6,,,4,145,7,130,252,84,56,,,,,,,,,,,,,,,,,,,,,,,,,
Sunbeetle,225760,UT,10:51:50 28-Nov-2024,,,2,50.0922,-5.1991,CRC 241e.5e81,02:00:00 28-Nov-2024,CumulativeDist,4,145,7,130,248,35,136,,,,,,,,,,,,,,,,,,,,,,,,,
Sunbeetle,225760,UT,11:38:14 28-Nov-2024,,,B,50.0903,-5.1951,CRC,10:50:47 28-Nov-2024,Fast-GPS,133,241,89,94,40,164,107,98,220,118,220,190,223,215,223,133,71,140,72,18,125,102,140,,,,,,,,,
Sunbeetle,225760,UT,13:06:44 28-Nov-2024,,,B,50.0897,-5.1972,CRC,13:06:13 12-Nov-2024,Fast-GPS,229,177,163,26,155,103,108,65,226,126,124,21,117,29,190,135,101,25,87,142,251,47,233,217,101,114,216,209,170,0,0,
Sunbeetle,225760,UT,14:46:25 28-Nov-2024,,,B,50.0842,-5.1901,CRC,10:50:47 28-Nov-2024,Fast-GPS,133,241,89,94,40,164,107,98,220,116,213,167,226,0,12,6,110,91,5,241,151,48,16,,,,,,,,,
Sunbeetle,225760,UT,16:43:48 28-Nov-2024,,,B,50.0827,-5.1850,CRC,12:00:56 28-Nov-2024,Fast-GPS,165,241,128,112,124,40,119,80,238,111,223,76,54,22,191,107,214,188,43,82,189,166,135,134,174,243,80,,,,,
Sunbeetle,225760,UT,08:23:12 29-Nov-2024,,,B,50.0945,-5.2035,CRC 440f.441f,05:00:00 29-Nov-2024,CumulativeDist,8,145,3,194,250,80,0,,,,,,,,,,,,,,,,,,,,,,,,,
Sunbeetle,225760,UT,21:03:16 29-Nov-2024,,,B,50.0949,-5.2037,CRC,18:14:20 29-Nov-2024,Fast-GPS,133,246,71,40,211,219,55,197,32,248,252,136,8,206,11,31,226,227,50,104,64,190,212,99,192,0,0,,,,,
Sunbeetle,225760,UT,23:38:16 29-Nov-2024,,,B,50.0858,-5.1967,CRC,21:45:13 29-Nov-2024,Fast-GPS,101,246,182,154,217,78,115,207,29,64,58,24,17,144,47,12,47,183,152,224,0,0,0,,,,,,,,,
Sunbeetle,225760,UT,21:35:07 30-Nov-2024,,,3,50.0917,-5.2052,CRC 5.8,,,101,249,245,,,,,,,,,,,,,,,,,,,,,,,,,,,,,
Sunbeetle,225760,UT,16:14:47 01-Dec-2024,,,B,50.0986,-5.2174,CRC,13:08:22 01-Dec-2024,Fast-GPS,166,5,164,44,121,216,229,64,160,98,154,108,92,155,245,140,156,57,135,161,240,192,240,249,71,166,190,,,,,
Sunbeetle,225760,UT,10:02:15 02-Dec-2024,,,B,50.0880,-5.2042,CRC,07:50:35 02-Dec-2024,Fast-GPS,198,8,249,70,63,120,127,22,2,93,191,42,85,3,239,32,41,7,233,148,232,199,48,152,37,4,105,,,,,
Sunbeetle,225760,UT,11:09:29 02-Dec-2024,,,B,50.0872,-5.2066,CRC,08:57:41 02-Dec-2024,Fast-GPS,102,9,28,210,246,209,18,221,148,116,175,10,63,190,92,109,48,75,37,192,0,0,0,,,,,,,,,
Sunbeetle,225760,UT,13:20:43 02-Dec-2024,,,B,50.0919,-5.2082,CRC 1610.321b,07:00:00 02-Dec-2022,CumulativeDist,2,209,4,27,4,112,0,15,131,34,2,48,0,56,124,16,16,19,136,,,,,,,,,,,,,
Sunbeetle,225760,UT,18:53:01 02-Dec-2024,,,B,50.0868,-5.1969,CRC,16:23:26 02-Dec-2024,Fast-GPS,102,10,11,180,252,158,30,0,236,201,156,5,217,224,204,235,48,86,212,,,,,,,,,,,,,
Sunbeetle,225760,UT,18:53:47 02-Dec-2024,,,B,50.0868,-5.1969,CRC 639f.bb86,15:00:00 02-Dec-2024,CumulativeDist,12,113,39,227,4,240,0,15,130,2,2,236,0,0,124,16,16,22,24,,,,,,,,,,,,,
Sunbeetle,225760,UT,21:00:38 02-Dec-2024,,,1,50.0910,-5.2085,CRC 7c0f.5c0f,19:00:00 02-Dec-2024,CumulativeDist,15,145,3,195,5,48,0,,,,,,,,,,,,,,,,,,,,,,,,,
Sunbeetle,225760,UT,00:40:47 03-Dec-2024,,,B,50.0881,-5.2080,CRC 840e.1c04,17:00:00 02-Dec-2024,CumulativeDist,16,145,3,131,5,16,32,,,,,,,,,,,,,,,,,,,,,,,,,
Sunbeetle,225760,UT,06:19:20 03-Dec-2024,,,B,50.0899,-5.2184,CRC 3570.8116,00:00:00 19-Aug-2024,CumulativeDist,6,177,28,2,38,1,77,144,224,163,232,60,107,42,81,,,,,,,,,,,,,,,,,
Sunbeetle,225760,UT,06:56:59 03-Dec-2024,,,B,50.0903,-5.2154,CRC,04:10:10 03-Dec-2024,Fast-GPS,134,12,133,20,26,140,17,108,195,33,220,116,150,153,228,61,63,51,136,243,103,160,210,,,,,,,,,
Sunbeetle,225760,UT,12:01:36 03-Dec-2024,,,B,50.0939,-5.2896,CRC,12:29:15 03-Dec-2024,Fast-GPS,198,13,142,158,28,191,143,89,199,137,62,141,124,254,95,143,65,224,240,110,49,193,236,113,255,62,52,,,,,
Sunbeetle,225760,UT,12:25:29 03-Dec-2024,,,B,50.0984,-5.3017,CRC b38d.5fa3,07:00:00 03-Dec-2024,CumulativeDist,22,113,35,67,6,112,0,79,134,23,189,121,191,22,24,,,,,,,,,,,,,,,,,
Sunbeetle,225760,UT,13:44:48 03-Dec-2024,,,B,50.1018,-5.3016,CRC e060.5e41,,,28,20,24,16,122,101,120,174,248,57,208,227,125,158,175,37,93,118,101,38,114,116,119,113,92,122,182,75,136,17,192,
Sunbeetle,225760,UT,20:12:58 03-Dec-2024,,,B,50.1054,-5.3975,CRC,15:22:43 03-Dec-2024,Fast-GPS,166,13,235,86,203,92,224,100,123,192,175,206,103,254,175,143,101,222,221,225,228,193,208,206,64,0,0,,,,,
Sunbeetle,225760,UT,21:42:02 03-Dec-2024,,,B,50.0780,-5.4754,CRC 013b.5d0d,19:00:00 03-Dec-2024,CumulativeDist,0,49,14,195,7,48,124,15,192,222,87,13,200,8,105,66,8,152,81,18,152,175,239,206,67,47,132,111,59,134,23,
Sunbeetle,225760,UT,22:18:26 03-Dec-2024,,,B,50.0811,-5.4829,CRC,20:12:59 03-Dec-2024,Fast-GPS,198,14,134,119,193,184,35,199,102,56,248,66,44,248,104,34,127,241,173,247,50,173,71,130,140,158,128,,,,,
Sunbeetle,225760,UT,22:59:56 03-Dec-2024,,,B,50.0816,-5.4818,CRC 013b.b924,19:00:00 03-Dec-2024,CumulativeDist,0,49,14,195,7,48,124,15,130,3,4,39,225,129,194,66,130,181,1,0,63,8,14,25,47,134,134,135,8,9,175,
Sunbeetle,225760,UT,23:03:09 03-Dec-2024,,,B,50.0816,-5.4818,CRC 6497.8368,17:00:00 03-Dec-2024,CumulativeDist,12,145,37,195,7,16,8,15,128,56,26,131,7,73,37,235,50,25,23,69,122,69,174,253,160,40,189,149,164,210,225,
Sunbeetle,225760,UT,09:36:04 04-Dec-2024,,,A,50.1269,-5.4495,CRC 174.180,20:52:06 03-Dec-2024,Status,85,208,180,99,20,101,127,180,209,211,65,178,150,40,181,243,48,75,153,70,210,0,189,35,48,160,73,213,234,84,206,
Sunbeetle,225760,UT,09:38:07 04-Dec-2024,,,A,50.1269,-5.4495,CRC 34b9.0611,,,6,149,110,77,147,248,56,39,159,67,235,209,94,255,117,100,70,112,195,6,144,112,142,163,99,217,163,75,3,214,210,
Sunbeetle,225760,UT,11:51:04 04-Dec-2024,,,B,50.1068,-5.4695,CRC fe6e.8c23,09:00:00 04-Dec-2024,CumulativeDist,31,209,27,131,8,144,80,13,199,84,3,78,130,169,184,74,249,124,185,207,153,72,130,30,41,152,63,58,128,249,89,
Sunbeetle,225760,UT,12:05:14 04-Dec-2024,,,B,50.0925,-5.5709,CRC 55ac.3ba0,11:50:00 04-Apr-2024,PDT,10,177,107,4,34,242,0,73,83,42,37,68,169,43,29,72,100,116,30,,,,,,,,,,,,,
Sunbeetle,225760,UT,12:51:52 04-Dec-2024,,,B,50.0958,-5.5664,CRC,11:54:19 04-Dec-2024,Fast-GPS,166,17,123,38,124,32,69,21,234,180,171,236,52,71,92,6,244,199,140,215,29,130,81,137,61,134,229,,,,,
Sunbeetle,225760,UT,12:55:33 04-Dec-2024,,,B,50.0958,-5.5664,CRC 70e8.4e47,05:00:00 04-Dec-2024,CumulativeDist,14,17,58,3,8,80,72,15,130,2,4,21,226,66,194,227,67,210,65,0,62,8,9,21,196,97,134,79,26,240,244,
Sunbeetle,225760,UT,13:29:16 04-Dec-2024,,,A,50.0872,-5.4479,CRC fe6e.434b,09:00:00 04-Dec-2024,CumulativeDist,31,209,27,131,8,144,80,15,138,238,209,66,41,102,250,73,23,69,6,129,126,32,94,58,155,25,142,94,209,103,153,
Sunbeetle,225760,UT,13:31:28 04-Dec-2024,,,A,50.0872,-5.4479,CRC,06:51:45 04-Dec-2024,Fast-GPS,134,16,217,218,37,8,52,176,88,57,119,160,23,77,168,65,94,159,67,59,34,211,124,,,,,,,,,
Sunbeetle,225760,UT,13:34:11 04-Dec-2024,,,A,50.0872,-5.4479,CRC dbd9.ebe4,,,27,113,54,67,10,113,64,24,206,131,105,171,153,27,32,106,102,103,61,136,134,213,118,188,66,204,131,56,116,118,66,
Sunbeetle,225760,UT,13:34:11 04-Dec-2024,,,B,50.0869,-5.4435,CRC dbd9.d28a,07:00:00 04-Dec-2024,CumulativeDist,27,113,54,67,8,113,66,152,185,93,192,128,142,80,52,195,208,15,206,11,209,185,188,12,0,1,96,252,223,184,189,
Sunbeetle,225760,UT,15:10:02 04-Dec-2024,,,B,50.0877,-5.3545,CRC,11:54:19 04-Dec-2024,Fast-GPS,166,17,123,38,124,33,68,21,238,190,27,252,72,171,167,113,156,254,238,115,12,194,60,160,64,0,0,,,,,
Sunbeetle,225760,UT,17:31:47 04-Dec-2024,,,A,50.0986,-5.3929,CRC a153.633c,11:00:00 04-Dec-2024,CumulativeDist,20,49,20,195,8,176,88,15,130,2,4,27,226,98,195,67,164,87,65,16,62,8,2,230,224,66,200,169,9,138,110,
Sunbeetle,225760,UT,17:32:47 04-Dec-2024,,,A,50.0986,-5.3929,CRC 829c.3bae,12:01:00 04-Dec-2024,PDT,16,81,103,12,35,1,0,65,81,206,113,243,238,157,132,65,192,243,226,,,,,,,,,,,,,
Sunbeetle,225760,UT,20:59:31 04-Dec-2024,,,B,50.1030,-5.2803,CRC,18:11:28 04-Dec-2024,Fast-GPS,198,18,69,184,254,74,110,161,4,215,209,181,225,131,46,170,104,184,59,193,206,119,116,168,230,59,47,,,,,
Sunbeetle,225760,UT,21:10:19 04-Dec-2024,,,B,50.0867,-5.2829,CRC 43cd.b202,20:00:00 04-Dec-2024,CumulativeDist,8,113,51,67,9,69,48,14,83,175,190,27,228,83,255,143,17,139,201,172,3,196,126,249,18,0,78,95,63,112,160,
Sunbeetle,225760,UT,21:10:19 04-Dec-2024,,,B,50.1001,-5.3962,CRC 43cd.4f86,,,8,113,51,67,9,123,163,129,151,146,20,248,32,57,56,13,130,178,197,118,32,183,171,122,171,33,157,179,244,192,46,
Sunbeetle,225760,UT,21:13:40 04-Dec-2024,,,B,50.1001,-5.3962,CRC 246e.6d64,13:00:00 04-Dec-2024,CumulativeDist,4,145,27,131,8,208,68,19,130,2,73,177,11,184,243,48,237,27,136,245,185,61,174,114,91,59,38,,,,,
Sunbeetle,225760,UT,21:59:14 04-Dec-2024,,,B,50.1003,-5.3960,CRC 246e.60bd,15:00:00 04-Dec-2024,CumulativeDist,4,145,27,131,8,240,68,15,130,2,132,94,225,102,3,135,51,223,48,52,224,234,51,53,198,15,97,,,,,
Sunbeetle,225760,UT,23:06:36 04-Dec-2024,,,B,50.0935,-5.3885,CRC,23:46:20 04-Dec-2024,Fast-GPS,166,18,247,40,68,136,171,133,78,144,196,132,78,159,202,137,168,176,91,68,68,194,92,104,192,0,0,,,,,
Sunbeetle,225760,UT,00:43:06 05-Dec-2024,,,A,50.1086,-5.4778,CRC (both failed),,,42,48,128,16,0,0,0,48,156,229,108,108,141,217,233,174,218,43,114,255,211,52,142,5,114,225,234,180,99,23,232,
Sunbeetle,225760,UT,00:46:16 05-Dec-2024,,,A,50.1086,-5.4778,CRC 5922.616b,23:00:00 04-Dec-2024,PDT,11,49,72,140,37,192,0,1,0,79,126,79,141,231,35,,,,,,,,,,,,,,,,,
Sunbeetle,225760,UT,00:47:51 05-Dec-2024,,,A,50.1086,-5.4778,CRC,20:02:48 04-Dec-2024,Fast-GPS,166,18,129,96,121,163,114,103,244,6,208,163,30,151,192,239,243,109,255,24,141,159,122,136,158,195,106,,,,,
Sunbeetle,225760,UT,05:08:33 05-Dec-2024,,,B,50.1146,-5.4716,CRC c700.b700,,,24,241,64,3,10,16,108,15,130,2,132,66,225,130,2,66,98,172,129,80,62,8,8,16,107,135,136,8,138,10,226,
Sunbeetle,225760,UT,05:33:39 05-Dec-2024,,,B,50.0868,-5.4807,CRC c6eb.96d4,,PDT,24,209,122,192,40,1,0,1,79,41,229,60,167,128,0,,,,,,,,,,,,,,,,,
Sunbeetle,225760,UT,05:39:52 05-Dec-2024,,,B,50.0868,-5.4807,CRC,00:01:40 05-Dec-2024,Fast-GPS,166,20,0,208,83,234,120,0,30,13,197,167,122,145,216,99,254,136,79,138,92,53,91,242,225,228,26,,,,,
Sunbeetle,225760,UT,07:11:36 05-Dec-2024,,,B,50.0996,-5.5104,CRC b434.2920,23:00:00 04-Dec-2024,CumulativeDist,22,145,13,3,9,112,60,15,130,2,4,75,225,97,161,226,34,139,129,160,111,156,238,93,82,232,8,52,133,69,247,
Sunbeetle,225760,UT,11:36:28 05-Dec-2024,,,B,50.1222,-5.5887,CRC,09:19:16 05-Dec-2024,Fast-GPS,230,21,41,160,57,37,168,200,9,165,162,6,138,41,40,18,215,161,4,165,37,163,232,52,85,31,177,,,,,
Sunbeetle,225760,UT,11:48:25 05-Dec-2024,,,B,50.1143,-5.5505,CRC bbc1.71da,,,23,113,48,67,26,208,118,31,62,242,30,105,227,153,150,221,53,103,222,16,12,153,54,100,153,36,217,179,100,217,49,
Sunbeetle,225760,UT,11:51:10 05-Dec-2024,,,B,50.1143,-5.5505,CRC 5023.a416,,,10,29,72,231,34,166,70,126,196,251,189,15,58,242,162,,,,,,,,,,,,,,,,,
Sunbeetle,225760,UT,22:38:28 05-Dec-2024,,,B,50.0481,-5.5180,CRC c046.303b,17:00:00 05-Dec-2024,CumulativeDist,24,17,17,131,11,16,76,15,130,3,4,39,225,48,72,142,179,26,34,236,138,94,178,126,248,248,67,191,191,252,55,
Sunbeetle,225760,UT,22:39:25 05-Dec-2024,,,B,50.0481,-5.5180,CRC,21:17:04 05-Dec-2024,Fast-GPS,166,22,168,136,218,69,121,64,221,153,1,35,238,148,197,216,71,212,186,208,184,198,219,117,192,68,64,,,,,
Sunbeetle,225760,UT,23:15:31 05-Dec-2024,,,B,50.0455,-5.6378,CRC f643.b01d,17:00:00 05-Apr-2024,CumulativeDist,30,209,16,193,11,16,79,167,186,119,172,187,22,209,1,17,17,138,224,192,31,4,5,8,49,196,69,198,135,136,176,
Sunbeetle,225760,UT,23:19:50 05-Dec-2024,,,B,50.0455,-5.6378,CRC,17:11:55 05-Dec-2024,Fast-GPS,166,22,37,238,78,208,94,154,60,249,15,78,102,214,120,65,5,172,75,133,224,194,221,60,64,0,0,,,,,
Sunbeetle,225760,UT,23:15:31 05-Dec-2024,,,B,50.0453,-5.6379,CRC f663.cb4d,,,30,209,24,193,129,16,74,199,155,133,39,228,209,164,2,34,35,21,193,128,62,8,10,16,99,136,139,141,15,17,96,
Sunbeetle,225760,UT,04:37:56 06-Dec-2024,,,B,50.0071,-5.8284,CRC 72c5.5f03,23:00:00 05-Dec-2024,CumulativeDist,14,81,49,67,11,112,120,15,130,2,132,40,225,162,2,98,229,115,3,160,62,24,10,16,109,138,232,133,92,63,158,
Sunbeetle,225760,UT,04:40:48 06-Dec-2024,,,B,50.0071,-5.8284,CRC 2285.14b7,21:00:00 05-Dec-2024,CumulativeDist,4,81,33,67,11,80,84,15,34,6,43,234,175,108,245,219,135,95,255,255,23,252,117,196,249,114,254,233,129,2,240,
Sunbeetle,225760,UT,04:52:38 06-Dec-2024,,,B,50.0312,-5.7746,CRC,16:46:51 05-Dec-2024,Fast-GPS,198,22,23,102,84,212,106,226,187,71,17,203,242,58,224,177,219,157,176,163,24,70,30,152,98,105,40,,,,,
Sunbeetle,225760,UT,05:44:13 06-Dec-2024,,,A,50.0472,-5.7212,CRC b562.2e2a,03:00:00 06-Dec-2024,CumulativeDist,22,177,24,131,12,48,92,15,151,206,20,108,251,240,53,22,174,0,180,156,4,160,76,9,62,232,233,93,3,255,253,
Sunbeetle,225760,UT,05:50:23 06-Dec-2024,,,A,50.0472,-5.7212,CRC 8ddd.2da7,01:00:00 06-Dec-2024,CumulativeDist,17,177,55,67,12,16,80,15,130,2,132,22,226,71,128,251,46,98,246,238,170,101,240,252,173,252,60,93,202,2,178,
Sunbeetle,225760,UT,06:23:45 06-Dec-2024,,,B,50.0387,-5.7200,CRC 56.68,06:23:44 06-Dec-2024,Status,71,16,180,165,40,161,226,206,243,25,123,5,16,60,231,14,69,179,22,194,98,76,132,30,136,131,255,192,80,0,0,
Sunbeetle,225760,UT,06:30:42 06-Dec-2024,,,B,50.0418,-5.7123,CRC b562.3b25,03:00:00 06-Dec-2024,CumulativeDist,22,177,24,131,12,48,92,15,130,2,132,144,230,131,111,93,110,179,15,143,219,196,78,161,115,201,163,191,98,136,245,
Sunbeetle,225760,UT,06:34:05 06-Dec-2024,,,B,50.0418,-5.7123,CRC,23:51:13 05-Dec-2024,Fast-GPS,198,22,249,154,80,147,116,37,78,170,165,184,22,176,30,5,94,158,126,190,168,237,49,126,216,128,231,,,,,
Sunbeetle,225760,UT,08:39:55 06-Dec-2024,,,B,50.0344,-5.7281,CRC,06:27:22 06-Dec-2024,Fast-GPS,230,24,205,172,161,229,211,220,158,79,240,69,215,28,145,141,34,86,99,82,25,191,73,56,191,238,233,171,246,0,0,
Sunbeetle,225760,UT,08:46:39 06-Dec-2024,,,B,50.0355,-5.7308,CRC,08:46:05 06-Dec-2024,Fast-GPS,198,25,23,10,164,240,47,16,215,42,154,247,66,113,122,39,98,200,171,145,164,235,240,153,100,221,12,,,,,
Sunbeetle,225760,UT,10:20:29 06-Dec-2024,,,B,50.0926,-5.6396,CRC,11:53:19 06-Dec-2024,Fast-GPS,198,25,122,167,42,154,77,149,46,229,99,43,200,35,187,7,212,231,222,41,159,73,140,134,92,60,81,,,,,
Sunbeetle,225760,UT,10:22:02 06-Dec-2024,,,B,50.0926,-5.6396,CRC b562.6787,03:00:00 06-Dec-2024,CumulativeDist,22,177,24,131,12,48,92,10,197,118,207,225,149,59,1,180,18,56,35,251,2,156,20,223,114,249,161,96,173,87,65,
Sunbeetle,225760,UT,10:46:47 06-Dec-2024,,,A,50.0685,-5.4980,CRC 06b3.a68a,,,0,209,108,205,50,75,83,2,3,225,149,154,241,201,87,109,8,36,109,161,209,2,144,86,0,0,0,,,,,
Sunbeetle,225760,UT,10:51:58 06-Dec-2024,,,A,50.0685,-5.4980,CRC 9375.fa31,05:00:00 06-Dec-2024,CumulativeDist,18,113,29,67,12,80,68,15,130,2,4,60,227,98,3,35,229,174,129,48,62,8,8,16,75,139,14,144,146,152,98,
Sunbeetle,225760,UT,12:34:02 06-Dec-2024,,,B,50.0848,-5.4953,CRC,,Fast-GPS,230,24,95,103,187,67,173,47,173,236,47,4,243,56,177,63,123,218,182,22,184,36,149,238,208,136,192,97,173,24,241,
Sunbeetle,225760,UT,13:05:23 06-Dec-2024,,,A,50.1250,-5.4737,CRC,12:16:04 06-Dec-2024,Fast-GPS,230,25,136,8,106,219,59,4,199,141,171,25,221,205,136,13,103,148,234,195,34,18,62,0,215,156,120,195,181,177,44,
Sunbeetle,225760,UT,13:09:01 06-Dec-2024,,,A,50.1250,-5.4737,CRC,02:19:22 22-May-2024,Fast-GPS,98,216,73,172,161,229,211,220,158,79,240,69,243,28,147,101,16,207,60,223,116,149,134,149,16,51,12,210,64,0,0,
Sunbeetle,225760,UT,13:10:48 06-Dec-2024,,,A,50.1250,-5.4737,CRC 38d6.8b2e,09:00:00 06-Dec-2024,CumulativeDist,7,17,53,131,12,144,48,15,130,2,132,72,226,167,201,204,248,59,63,159,229,187,118,255,200,116,111,252,231,241,90,
Sunbeetle,225760,UT,16:13:09 06-Dec-2024,,,B,50.2229,-5.4210,CRC,11:12:27 06-Dec-2024,Fast-GPS,230,25,102,54,177,65,150,230,244,115,62,172,75,79,218,122,186,32,197,141,41,235,65,124,1,19,13,3,71,0,0,
Sunbeetle,225760,UT,17:45:00 06-Dec-2024,,,2,50.1231,-5.4606,CRC 3d.83,,,7,169,139,211,13,41,201,61,61,30,51,207,32,216,199,233,118,233,126,220,187,70,158,38,192,97,142,23,74,21,34,
Sunbeetle,225760,UT,17:47:04 06-Dec-2024,,,2,50.1231,-5.4606,CRC,13:29:16 06-Dec-2024,Fast-GPS,166,25,174,160,159,47,65,246,188,113,82,207,249,204,236,39,3,43,58,177,160,131,165,182,15,153,71,,,,,
Sunbeetle,225760,UT,17:49:31 06-Dec-2024,,,2,50.1231,-5.4606,CRC 0f7d.cde8,,,1,241,31,67,205,116,91,24,231,155,164,236,63,209,55,134,91,121,228,77,88,229,184,223,202,18,227,,,,,
Sunbeetle,225760,UT,18:25:54 06-Dec-2024,,,2,50.1146,-5.4721,CRC,17:56:50 06-Dec-2024,Fast-GPS,134,26,60,100,236,29,185,178,248,95,215,71,199,193,52,119,87,38,238,193,199,205,254,,,,,,,,,
Sunbeetle,225760,UT,18:33:54 06-Dec-2024,,,2,50.1146,-5.4721,CRC,,Fast-GPS,143,145,61,3,12,176,56,15,130,2,132,39,226,228,36,165,37,115,193,176,62,8,10,16,115,133,134,7,138,140,222,
Sunbeetle,225760,UT,18:28:05 06-Dec-2024,,,A,50.1153,-5.4757,CRC bdbb.6429,15:00:00 06-Dec-2024,CumulativeDist,23,177,46,195,12,240,8,15,130,2,4,122,225,33,33,33,33,64,128,224,62,8,12,17,103,1,131,182,216,207,59,
Sunbeetle,225760,UT,19:07:14 06-Dec-2024,,,B,50.1133,-5.4752,CRC,16:56:32 06-Dec-2024,Fast-GPS,134,26,28,64,237,29,174,37,252,235,31,31,226,181,98,177,229,236,146,38,1,26,15,,,,,,,,,
Sunbeetle,225760,UT,20:03:41 06-Dec-2024,,,B,50.1123,-5.4790,CRC,17:54:02 06-Dec-2024,Fast-GPS,166,26,59,5,211,110,114,100,192,255,171,174,17,134,24,159,131,186,157,249,144,195,80,58,0,0,0,,,,,
Sunbeetle,225760,UT,20:19:32 06-Dec-2024,,,B,50.1125,-5.4781,CRC,20:18:43 06-Dec-2024,Fast-GPS,102,26,137,86,220,198,57,19,86,184,101,79,230,170,66,49,48,210,79,160,169,2,65,,,,,,,,,
Sunbeetle,225760,UT,20:19:32 06-Dec-2024,,,B,50.1145,-5.4808,CRC,20:18:43 06-Dec-2024,Fast-GPS,102,26,137,86,222,198,57,19,86,184,117,79,246,170,70,49,48,204,78,224,8,1,19,,,,,,,,,
Sunbeetle,225760,UT,20:35:20 06-Dec-2024,,,B,50.1227,-5.4804,CRC bdbb.2e4d,15:00:00 06-Aug-2024,CumulativeDist,23,177,46,194,12,240,8,15,130,2,6,122,225,33,33,33,57,64,192,232,62,0,76,153,103,132,173,135,39,136,151,
Sunbeetle,225760,UT,21:43:53 06-Dec-2024,,,B,50.1216,-5.4967,CRC 0f39.3531,13:00:00 06-Dec-2024,CumulativeDist,1,241,14,67,12,208,164,15,130,131,132,87,225,33,33,65,65,104,128,0,62,10,62,48,242,2,87,,,,,
Sunbeetle,225760,UT,23:01:37 06-Dec-2024,,,2,50.1096,-5.5413,CRC 239.201,00:32:16 04-Dec-2024,Status,93,241,39,3,13,80,68,15,130,2,4,18,226,131,35,67,99,153,192,224,62,8,10,17,79,134,7,137,11,141,37,
Sunbeetle,225760,UT,23:03:10 06-Dec-2024,,,2,50.1096,-5.5413,CRC 0776.c539,22:00:00 06-Dec-2024,PDT,0,241,93,140,53,128,0,1,84,42,133,84,174,1,4,,,,,,,,,,,,,,,,,
Sunbeetle,225760,UT,07:28:23 07-Dec-2024,,,B,50.0836,-5.5330,CRC 9843.6add,23:00:00 06-Dec-2024,CumulativeDist,19,17,16,195,13,112,40,15,130,131,6,73,133,36,79,251,241,98,16,0,62,8,8,17,236,0,0,,,,,
Sunbeetle,225760,UT,07:28:23 07-Dec-2024,,,B,50.0932,-5.4929,CRC 9843.3736,23:00:00 06-Dec-2024,CumulativeDist,19,17,16,195,13,112,40,15,130,131,4,225,114,5,84,224,74,109,255,255,240,255,249,251,141,255,255,,,,,
Sunbeetle,225760,UT,10:35:11 07-Dec-2024,,,B,50.0871,-5.4640,CRC 46c7.4aba,05:00:00 07-Dec-2024,CumulativeDist,8,209,49,195,14,80,4,15,130,2,4,124,225,33,33,33,33,32,35,158,206,17,189,187,187,140,219,155,153,222,14,
Sunbeetle,225760,UT,11:09:37 07-Dec-2024,,,B,50.0746,-5.4481,CRC 189c.1e08,08:01:00 07-Dec-2024,PDT,3,17,103,12,58,1,0,1,75,41,101,44,166,102,214,241,171,90,41,,,,,,,,,,,,,
Sunbeetle,225760,UT,11:48:39 07-Dec-2024,,,B,50.0786,-5.4202,CRC 1d26.bde3,07:00:00 07-Dec-2024,CumulativeDist,3,177,9,131,14,112,68,15,163,73,182,207,54,209,64,195,192,221,33,40,182,10,60,238,140,95,210,23,200,183,208,
Sunbeetle,225760,UT,12:15:13 07-Dec-2024,,,B,50.0548,-5.3853,CRC,23:22:55 06-Dec-2024,Fast-GPS,230,26,235,111,42,97,35,44,62,71,8,6,35,248,136,4,171,137,142,218,253,182,233,0,155,235,120,255,92,143,186,
Sunbeetle,225760,UT,17:06:12 07-Dec-2024,,,A,49.9740,-5.3015,CRC dc83.6f81,,,27,155,32,203,6,226,39,23,253,240,127,141,227,150,108,121,235,57,250,185,2,176,42,112,124,208,33,229,43,77,161,
Sunbeetle,225760,UT,18:16:55 07-Dec-2024,,,B,49.9591,-5.2886,CRC,,Fast-GPS,198,158,38,194,37,213,85,116,56,178,170,134,220,250,171,139,184,10,60,199,212,137,225,18,35,173,95,,,,,
Sunbeetle,225760,UT,18:47:09 07-Dec-2024,,,B,49.9585,-5.2789,CRC,18:46:49 07-Dec-2024,Fast-GPS,230,30,87,98,132,237,205,26,249,233,111,155,229,40,181,75,148,11,26,58,152,136,156,229,128,147,15,43,199,0,0,
Sunbeetle,225760,UT,19:31:56 07-Dec-2024,,,B,49.9580,-5.2772,CRC 5ff2.c9a5,,,11,241,60,131,94,186,241,249,53,255,178,178,240,241,33,49,65,86,224,192,31,4,6,8,167,194,66,195,67,196,84,
Sunbeetle,225760,UT,19:34:15 07-Dec-2024,,,B,49.9580,-5.2772,CRC,,Fast-GPS,230,31,87,98,132,237,205,26,249,233,111,159,229,40,181,23,148,11,28,62,152,140,220,236,138,46,142,78,32,72,190,
Sunbeetle,225760,UT,19:47:07 07-Dec-2024,,,B,49.9932,-5.3728,CRC fc17.c311,17:00:00 07-Dec-2024,CumulativeDist,31,145,5,195,15,16,92,15,166,85,15,61,145,88,103,52,68,44,59,65,101,246,148,150,209,212,148,183,65,39,27,
Sunbeetle,225760,UT,19:47:07 07-Dec-2024,,,B,49.9923,-5.3727,CRC fc17.3bab,17:00:00 07-Dec-2024,CumulativeDist,31,145,5,195,15,16,92,15,131,7,228,151,196,189,227,186,135,27,101,161,164,200,78,234,2,179,243,165,74,76,229,
Sunbeetle,225760,UT,20:49:37 07-Dec-2024,,,B,49.9822,-5.3596,CRC,15:04:42 07-Dec-2024,Fast-GPS,230,29,226,84,97,145,28,104,39,172,31,13,82,192,44,63,197,77,27,245,151,154,106,155,85,67,11,76,99,0,4,
Sunbeetle,225760,UT,22:11:22 07-Dec-2024,,,B,49.9993,-5.3509,CRC,16:17:49 03-Dec-2024,Fast-GPS,198,14,8,226,250,5,204,222,187,110,65,196,142,22,115,103,204,238,239,128,36,52,190,83,237,195,124,,,,,
Sunbeetle,225760,UT,22:30:31 07-Dec-2024,,,B,50.0261,-5.3772,CRC,18:46:49 07-Dec-2024,Fast-GPS,230,30,87,98,132,237,205,26,249,233,111,159,241,122,161,215,228,33,9,82,65,222,15,12,112,86,175,70,66,5,63,
Sunbeetle,225760,UT,22:31:21 07-Dec-2024,,,B,50.0261,-5.3772,CRC 223.73,22:31:19 07-Dec-2024,Status,91,240,180,165,40,161,224,206,243,217,244,199,84,65,101,12,105,191,198,66,18,74,14,91,186,51,255,204,193,4,224,
Sunbeetle,225760,UT,22:42:04 07-Dec-2024,,,B,50.0269,-5.3778,CRC,21:58:39 07-Dec-2024,Fast-GPS,198,30,189,78,87,220,45,199,174,128,44,240,95,148,210,193,225,16,192,49,62,88,110,229,173,84,35,,,,,
Sunbeetle,225760,UT,23:52:59 07-Dec-2024,,,B,50.0208,-5.3633,CRC,21:00:22 07-Dec-2024,Fast-GPS,166,30,160,44,65,202,209,218,34,243,26,155,1,27,241,67,55,58,84,57,223,96,247,211,144,0,0,,,,,
Sunbeetle,225760,UT,06:20:43 08-Dec-2024,,,B,49.9857,-5.3417,CRC dac3.2b0d,,,27,81,48,195,9,199,192,160,48,12,214,18,122,203,171,145,7,99,228,217,209,84,149,210,113,4,30,195,162,28,87,
Sunbeetle,225760,UT,10:28:42 08-Dec-2024,,,B,50.0970,-5.3700,CRC 1322.e545,,,2,113,8,156,239,184,29,228,239,165,192,226,244,222,77,147,9,50,109,180,183,52,171,165,169,110,15,104,242,214,255,
Sunbeetle,225760,UT,10:31:19 08-Dec-2024,,,B,50.0970,-5.3700,CRC,10:30:57 08-Dec-2024,Fast-GPS,102,33,79,114,104,59,183,35,215,179,152,47,56,200,210,250,99,96,38,213,231,183,30,,,,,,,,,
Sunbeetle,225760,UT,11:01:24 08-Dec-2024,,,B,50.1067,-5.3805,CRC,,Fast-GPS,166,7,243,99,141,57,70,149,184,224,194,179,29,161,247,148,253,169,151,237,251,164,10,241,169,112,139,,,,,
Sunbeetle,225760,UT,11:32:03 08-Dec-2024,,,B,50.1133,-5.3872,CRC 5d2f.8cf3,07:22:00 08-Dec-2024,PDT,11,177,75,204,65,214,0,18,28,223,196,33,161,80,253,254,210,116,35,,,,,,,,,,,,,
Sunbeetle,225760,UT,12:07:41 08-Dec-2024,,,B,50.1162,-5.3937,CRC,11:24:13 08-Dec-2024,Fast-GPS,166,33,108,26,109,44,235,115,151,124,82,140,110,195,215,61,56,34,28,229,73,228,175,134,238,216,192,,,,,
Sunbeetle,225760,UT,12:27:32 08-Dec-2024,,,B,50.1124,-5.3898,CRC 119.140,12:26:22 08-Dec-2024,Status,78,240,180,165,40,161,226,206,244,49,165,157,119,180,107,51,157,68,195,6,173,130,133,222,29,56,185,52,134,205,44,
Sunbeetle,225760,UT,16:29:46 08-Dec-2024,,,B,50.1349,-5.3904,CRC 89f3.f3d2,13:00:00 08-Dec-2024,CumulativeDist,17,49,60,211,16,208,76,15,130,2,132,40,225,65,129,129,161,245,65,112,62,12,14,81,43,132,132,133,6,7,177,
Sunbeetle,225760,UT,18:11:26 08-Dec-2024,,,B,50.0506,-5.3794,CRC,16:14:42 08-Dec-2024,Fast-GPS,102,34,7,84,94,108,192,8,7,145,191,182,54,155,171,68,65,1,152,196,240,191,213,,,,,,,,,
Sunbeetle,225760,UT,20:44:29 08-Dec-2024,,,B,49.9940,-5.2536,CRC 7489.d02e,19:58:00 08-Dec-2024,PDT,14,145,98,76,68,250,0,77,58,39,68,190,95,64,154,253,63,139,123,,,,,,,,,,,,,
Sunbeetle,225760,UT,20:49:04 08-Dec-2024,,,B,49.9938,-5.2535,CRC,04:46:21 16-Dec-2024,Fast-GPS,134,64,151,42,216,67,90,140,125,17,220,125,214,153,52,134,247,28,168,238,108,39,98,,,,,,,,,
Sunbeetle,225760,UT,21:13:03 08-Dec-2024,,,B,50.0006,-5.2613,CRC b687.dff5,,,22,211,97,220,31,88,24,34,33,227,252,113,193,7,224,122,173,132,209,151,0,140,36,99,76,98,218,70,33,133,137,
Sunbeetle,225760,UT,07:29:57 09-Dec-2024,,,B,49.8919,-5.1448,CRC,09:00:10 14-May-2021,Fast-GPS,170,185,32,21,8,64,4,2,109,86,63,214,186,22,253,125,78,66,147,180,1,74,255,168,254,216,80,113,188,179,157,
Sunbeetle,225760,UT,07:29:57 09-Dec-2024,,,B,49.9197,-5.1189,CRC (both failed),,,42,49,0,17,0,24,0,1,4,0,24,0,65,8,77,13,157,189,141,232,99,99,132,8,56,156,168,17,168,123,49,
Sunbeetle,225760,UT,09:02:13 09-Dec-2024,,,B,49.9315,-5.1958,CRC ae02.5437,07:00:00 09-Dec-2024,CumulativeDist,21,209,0,131,18,112,120,101,16,130,9,46,115,201,4,18,208,109,172,125,255,27,17,140,209,2,56,70,222,169,219,
Sunbeetle,225760,UT,10:26:42 09-Dec-2024,,,B,49.9726,-5.2348,CRC ae2a.3ac8,,,21,209,10,131,19,116,240,143,196,99,97,121,112,14,41,117,225,211,82,217,139,130,7,53,177,163,171,43,55,163,12,
Sunbeetle,225760,UT,11:03:16 09-Dec-2024,,,B,49.9626,-5.2015,CRC d7a2.16e0,09:00:00 09-Dec-2024,CumulativeDist,26,241,40,131,18,144,60,15,130,2,4,21,227,165,194,167,40,25,193,0,62,8,8,16,107,142,23,155,157,161,96,
Sunbeetle,225760,UT,12:06:48 09-Dec-2024,,,B,49.9608,-5.1925,CRC,06:21:18 09-Dec-2024,Fast-GPS,230,36,202,164,161,40,172,250,35,230,5,177,199,139,217,189,160,214,17,173,102,241,199,47,7,65,32,198,226,27,111,
Sunbeetle,225760,UT,17:19:44 09-Dec-2024,,,B,49.9827,-5.0885,CRC 86ef.e9e3,14:00:00 03-Dec-2022,CumulativeDist,16,209,59,235,6,236,236,21,215,245,11,205,18,41,245,102,178,116,29,239,74,88,8,140,252,64,227,102,154,142,254,
Sunbeetle,225760,UT,17:26:13 09-Dec-2024,,,B,49.9827,-5.0885,CRC d7a2.18c5,09:00:00 09-Dec-2024,CumulativeDist,26,241,40,131,18,144,60,6,147,119,130,62,12,120,75,161,210,193,173,56,55,114,35,105,6,112,63,3,122,243,248,
Sunbeetle,225760,UT,20:50:17 09-Dec-2024,,,B,49.9832,-5.0482,CRC,17:47:23 09-Dec-2024,Fast-GPS,102,38,55,174,201,159,242,25,227,255,161,191,112,186,4,67,36,100,136,,,,,,,,,,,,,
Sunbeetle,225760,UT,22:14:51 09-Dec-2024,,,B,49.9846,-5.0563,CRC,17:47:19 09-Dec-2024,Fast-GPS,102,38,55,166,204,109,233,60,229,249,1,136,78,205,15,11,210,105,106,180,216,72,249,,,,,,,,,
Sunbeetle,225760,UT,13:24:40 10-Dec-2024,,,B,50.1051,-5.0796,CRC,13:22:34 10-Dec-2024,Fast-GPS,102,41,171,68,197,147,41,157,56,96,248,158,147,68,148,95,51,207,98,119,152,51,160,,,,,,,,,
Sunbeetle,225760,UT,19:55:33 10-Dec-2024,,,B,50.1056,-5.0416,CRC,15:48:00 10-Dec-2024,Fast-GPS,198,41,248,0,99,77,174,69,157,64,155,133,190,212,80,9,249,50,153,33,163,178,50,152,169,238,248,,,,,
Sunbeetle,225760,UT,19:55:33 10-Dec-2024,,,B,50.1036,-5.0370,CRC,15:48:00 10-Dec-2024,Fast-GPS,198,41,248,0,99,77,174,69,149,0,27,133,190,212,80,9,249,50,153,33,163,178,50,152,169,238,248,,,,,
Sunbeetle,225760,UT,20:26:40 10-Dec-2024,,,B,50.1036,-5.0462,CRC,15:48:32 10-Dec-2024,Fast-GPS,198,41,248,64,115,93,175,68,45,183,132,89,191,250,226,59,143,37,21,147,36,145,201,99,226,188,225,,,,,
Sunbeetle,225760,UT,21:30:43 10-Dec-2024,,,B,50.0346,-5.0912,CRC,18:03:32 10-Dec-2024,Fast-GPS,230,42,65,192,63,126,210,200,192,228,92,1,214,173,185,53,253,167,152,100,3,47,3,119,82,172,249,90,43,96,126,
Sunbeetle,225760,UT,21:34:28 10-Dec-2024,,,B,50.0346,-5.0912,CRC c37e.9317,19:00:00 10-Dec-2024,CumulativeDist,24,113,31,131,21,53,64,58,141,126,207,40,27,245,5,251,24,45,85,56,60,6,173,135,26,98,111,63,150,97,160,
Sunbeetle,225760,UT,21:34:28 10-Dec-2024,,,B,50.0288,-5.0856,CRC c37e.4ef2,,,24,113,31,131,23,0,126,231,95,217,58,100,245,224,121,11,228,175,211,2,6,136,101,103,37,92,211,178,182,45,245,
Sunbeetle,225760,UT,23:45:53 10-Dec-2024,,,B,50.0116,-5.0726,CRC 4b9a.99ec,21:00:00 10-Dec-2024,CumulativeDist,9,113,38,131,21,80,48,15,130,2,4,224,48,108,251,154,162,26,7,205,91,20,41,97,206,180,201,71,92,187,86,
Sunbeetle,225760,UT,23:03:08 11-Dec-2024,,,B,49.7644,-4.7826,CRC 8045.81af,21:00:00 11-Dec-2024,CumulativeDist,16,17,17,67,23,80,0,0,3,128,248,32,40,65,30,30,40,6,40,67,48,0,0,,,,,,,,,
Sunbeetle,225760,UT,21:09:05 12-Dec-2024,,,B,50.0546,-5.1474,CRC a84c.7665,13:00:00 12-Dec-2024,CumulativeDist,21,17,19,3,24,208,64,15,130,3,132,52,97,65,97,97,197,18,129,48,62,8,8,16,79,135,137,11,11,148,106,
Sunbeetle,225760,UT,07:36:44 13-Dec-2024,,,B,49.9220,-5.1001,CRC,18:03:37 10-Dec-2024,Fast-GPS,230,42,65,202,235,8,61,24,226,253,165,9,60,119,226,54,94,136,125,16,49,56,240,242,104,88,45,154,197,247,40,
Sunbeetle,225760,UT,07:41:31 13-Dec-2024,,,B,49.9220,-5.1001,CRC ddf7.3a0e,05:00:00 13-Dec-2024,CumulativeDist,27,177,61,195,26,80,64,15,130,2,4,25,227,4,100,229,5,121,17,181,59,8,5,147,57,153,172,6,207,107,247,
Sunbeetle,225760,UT,05:24:24 14-Dec-2024,,,B,50.0428,-4.9961,CRC,,Fast-GPS,126,83,30,29,138,53,17,135,7,10,239,70,65,24,190,,,,,,,,,,,,,,,,,
Sunbeetle,225760,UT,17:55:58 14-Dec-2024,,,B,50.1214,-5.0057,CRC 306c.b3c7,,,6,17,219,28,97,143,203,240,188,254,243,128,28,144,228,208,224,242,224,116,30,134,92,8,127,196,5,29,69,198,94,
Sunbeetle,225760,UT,18:27:09 14-Dec-2024,,,B,50.1163,-4.9694,CRC,18:03:37 10-Dec-2024,Fast-GPS,230,42,65,202,235,8,125,27,242,153,165,8,61,119,160,85,33,232,28,16,83,60,241,194,77,83,29,38,200,0,0,
Sunbeetle,225760,UT,19:11:49 14-Dec-2024,,,B,50.1134,-4.9769,CRC 5f8c.9ef3,11:00:00 14-Dec-2024,CumulativeDist,11,241,35,3,28,176,0,16,0,1,111,44,109,10,230,,,,,,,,,,,,,,,,,
Sunbeetle,225760,UT,01:30:43 15-Dec-2024,,,B,50.1356,-5.0232,CRC d363.3a04,21:00:00 14-Dec-2024,CumulativeDist,26,113,24,195,29,80,92,15,130,2,4,30,227,162,194,227,3,88,9,48,62,8,8,16,123,166,7,8,10,10,90,
Sunbeetle,225760,UT,10:58:52 07-Jan-2025,,,,,,All zeros,,,0,0,0,0,0,0,0,0,0,0,0,0,0,0,0,0,0,0,0,0,0,0,0,,,,,,,,,
Sunbeetle,225760,UT,08:02:48 04-Mar-2025,,,,,,CRC,,Fast-GPS,238,107,32,13,158,159,164,255,16,105,160,230,189,121,55,135,2,27,243,83,227,159,14,188,112,228,44,9,1,147,238,
