Prog,PTT,Len,Satellite,Class,Pass,PassDate,PassTime,Latitude,Longitude,Comment,Frequency,Power,IQ,Dups,MsgDate,MsgTime,Latitude2,Longitude2,Duration,Error radius,Error Semi-major axis,Error Semi-minor axis,Error Ellipse orientation,Offset,Offset orientation,SENSOR #01,SENSOR #02,SENSOR #03,SENSOR #04,SENSOR #05,SENSOR #06,SENSOR #07,SENSOR #08,SENSOR #09,SENSOR #10,SENSOR #11,SENSOR #12,SENSOR #13,SENSOR #14,SENSOR #15,SENSOR #16,SENSOR #17,SENSOR #18,SENSOR #19,SENSOR #20,SENSOR #21,SENSOR #22,SENSOR #23,SENSOR #24,SENSOR #25,SENSOR #26,SENSOR #27,SENSOR #28,SENSOR #29,SENSOR #30,SENSOR #31,SENSOR #32
17343,225765,23,NP,B,1,29-Oct-2024,10:24:12,50.0804,-5.2389,,401677720,-121,8,0,29-Oct-2024,10:24:12,50.0804,-5.2389,144,2017,146923,27,98,,,101,117,6,108,55,109,37,227,88,32,248,180,132,125,217,191,73,235,251,184,53,184,113,,,,,,,,,
17343,225765,27,NP,B,1,29-Oct-2024,10:24:12,50.0804,-5.2389,,401677720,-121,8,0,29-Oct-2024,10:26:36,50.0804,-5.2389,144,2017,146923,27,98,,,165,116,199,76,155,212,69,69,17,212,166,29,123,42,168,227,224,222,61,25,96,52,0,193,62,101,94,,,,,
17343,225765,27,NN,B,2,29-Oct-2024,11:00:26,50.0867,-5.2830,,401677690,-126,8,0,29-Oct-2024,11:00:26,50.0867,-5.2830,495,1975,9687,402,97,,,18,241,1,66,186,150,87,111,160,68,189,239,157,49,88,125,129,143,217,172,233,118,129,246,99,82,110,,,,,
17343,225765,23,NN,B,2,29-Oct-2024,11:00:26,50.0867,-5.2830,,401677690,-126,8,0,29-Oct-2024,11:08:41,50.0867,-5.2830,495,1975,9687,402,97,,,101,117,6,108,55,109,37,227,88,96,249,116,193,45,154,140,43,171,50,128,0,64,32,,,,,,,,,
17343,225765,23,MC,3,3,29-Oct-2024,11:08:41,50.1136,-5.4488,,401677705,-120,56,0,29-Oct-2024,11:08:41,50.1136,-5.4488,596,105,326,33,106,,,101,117,6,108,55,77,37,227,88,32,253,116,197,237,154,204,43,171,34,128,0,0,0,,,,,,,,,
17343,225765,7,MC,3,3,29-Oct-2024,11:08:41,50.1136,-5.4488,,401677705,-120,56,0,29-Oct-2024,11:13:21,50.1136,-5.4488,596,105,326,33,106,,,21,145,11,131,136,192,128,,,,,,,,,,,,,,,,,,,,,,,,,
17343,225765,19,MC,3,3,29-Oct-2024,11:08:41,50.1136,-5.4488,,401677705,-120,56,0,29-Oct-2024,11:15:35,50.1136,-5.4488,596,105,326,33,106,,,29,113,11,2,186,112,0,15,130,2,2,37,0,0,124,16,16,20,160,,,,,,,,,,,,,
17343,225765,19,MC,3,3,29-Oct-2024,11:08:41,50.1136,-5.4488,,401677705,-120,56,0,29-Oct-2024,11:18:37,50.1136,-5.4488,596,105,326,33,106,,,8,209,51,130,186,80,0,15,130,2,2,48,0,0,124,16,16,19,72,,,,,,,,,,,,,
17343,225765,19,NP,A,4,29-Oct-2024,11:59:23,50.1111,-5.4657,,401677704,-128,8,0,29-Oct-2024,11:59:24,50.1111,-5.4657,495,194,480,78,84,,,29,200,72,145,39,24,130,125,161,170,82,197,199,209,15,203,42,32,208,,,,,,,,,,,,,
17343,225765,15,NP,A,4,29-Oct-2024,11:59:23,50.1111,-5.4657,,401677704,-128,8,0,29-Oct-2024,12:04:55,50.1111,-5.4657,495,194,480,78,84,,,8,81,78,158,45,15,208,125,208,60,240,124,17,103,199,,,,,,,,,,,,,,,,,
17343,225765,27,NP,A,4,29-Oct-2024,11:59:23,50.1111,-5.4657,,401677704,-128,8,0,29-Oct-2024,12:07:39,50.1111,-5.4657,495,194,480,78,84,,,165,117,96,146,200,80,192,192,101,157,207,184,28,223,155,99,169,107,181,247,192,90,119,103,210,96,22,,,,,
17343,225765,19,NN,A,5,29-Oct-2024,12:44:58,50.1099,-5.4774,,401677709,-123,8,0,29-Oct-2024,12:44:58,50.1099,-5.4774,297,169,244,117,117,,,29,113,11,2,186,112,0,14,131,60,234,109,200,232,106,76,38,25,33,,,,,,,,,,,,,
17343,225765,15,NN,A,5,29-Oct-2024,12:44:58,50.1099,-5.4774,,401677709,-123,8,0,29-Oct-2024,12:47:12,50.1099,-5.4774,297,169,244,117,117,,,8,81,78,202,234,192,0,1,116,46,165,216,0,0,0,,,,,,,,,,,,,,,,,
17343,225765,27,NN,A,5,29-Oct-2024,12:44:58,50.1099,-5.4774,,401677709,-123,8,0,29-Oct-2024,12:49:55,50.1099,-5.4774,297,169,244,117,117,,,165,117,96,16,58,43,183,87,104,77,92,215,195,162,69,237,91,9,94,5,248,174,179,29,128,0,0,,,,,
17343,225765,27,O3,B,6,29-Oct-2024,12:49:54,50.1105,-5.4829,,401677707,-133,6,0,29-Oct-2024,12:49:55,50.1105,-5.4829,,337,517,219,95,,,165,117,96,16,58,43,183,87,104,77,92,215,3,162,69,237,91,9,94,5,248,172,51,29,128,0,16,,,,,
17343,225765,19,MC,B,7,29-Oct-2024,12:52:47,50.1107,-5.4857,,401677708,-122,6,0,29-Oct-2024,12:52:47,50.1107,-5.4857,,408,629,264,93,,,8,209,51,130,186,80,0,15,130,2,2,48,0,0,124,16,16,19,72,,,,,,,,,,,,,
17343,225765,31,CS,B,8,29-Oct-2024,17:21:41,50.0648,-5.6922,,401677691,-123,8,0,29-Oct-2024,17:20:03,50.0648,-5.6922,196,1603,45724,56,72,,,92,144,180,165,40,162,210,178,254,197,64,130,148,15,199,18,109,187,23,195,242,1,184,2,226,67,255,192,80,0,0,
17343,225765,27,CS,B,8,29-Oct-2024,17:21:41,50.0648,-5.6922,,401677691,-123,8,0,29-Oct-2024,17:23:19,50.0648,-5.6922,196,1603,45724,56,72,,,18,241,1,66,186,144,0,15,130,2,2,236,1,96,124,16,16,33,191,13,14,15,15,17,122,0,0,,,,,
17343,225765,27,NK,B,9,29-Oct-2024,18:16:25,50.1050,-5.6229,,401677702,-129,8,0,29-Oct-2024,18:16:25,50.1050,-5.6229,,3962,37876,414,75,,,165,117,236,190,84,13,182,35,238,186,148,103,201,125,41,66,196,22,153,4,36,174,201,6,0,0,0,,,,,
17343,225765,27,SR,A,10,29-Oct-2024,18:37:35,50.1190,-5.4952,,401677710,-120,6,0,29-Oct-2024,18:35:47,50.1190,-5.4952,242,935,13849,63,104,,,165,117,96,16,58,43,183,87,104,77,92,215,195,162,69,178,91,9,94,5,248,174,202,59,128,0,0,,,,,
17343,225765,31,SR,A,10,29-Oct-2024,18:37:35,50.1190,-5.4952,,401677710,-120,6,0,29-Oct-2024,18:37:10,50.1190,-5.4952,242,935,13849,63,104,,,14,241,35,130,254,93,50,55,189,2,55,171,72,56,147,150,97,204,121,7,165,207,255,70,142,63,101,145,242,90,162,
17343,225765,15,SR,A,10,29-Oct-2024,18:37:35,50.1190,-5.4952,,401677710,-120,6,0,29-Oct-2024,18:39:49,50.1190,-5.4952,242,935,13849,63,104,,,8,81,76,74,137,52,121,135,144,1,126,206,30,62,63,,,,,,,,,,,,,,,,,
17343,225765,23,CS,B,11,29-Oct-2024,19:05:05,50.1186,-5.4982,,401677705,-134,6,0,29-Oct-2024,19:05:05,50.1186,-5.4982,,1579,3546,703,98,,,101,118,98,76,249,62,128,21,239,224,51,14,137,154,178,200,43,179,20,64,0,0,0,,,,,,,,,
17343,225765,15,MC,B,12,29-Oct-2024,19:23:10,50.1194,-5.5090,,401677705,-122,6,0,29-Oct-2024,19:23:10,50.1194,-5.5090,,1468,3412,631,95,,,8,81,76,74,235,2,0,1,116,46,197,216,0,0,0,,,,,,,,,,,,,,,,,
17343,225765,27,A1,B,13,29-Oct-2024,19:36:43,50.1185,-5.5274,,401677710,-121,6,0,29-Oct-2024,19:36:43,50.1185,-5.5274,,1299,3413,494,97,,,133,200,245,254,25,160,207,135,118,153,17,76,30,160,126,6,221,209,14,77,2,74,226,32,69,37,190,,,,,
17343,225765,19,NK,B,14,29-Oct-2024,19:57:28,50.1134,-5.5296,,401677700,-123,6,0,29-Oct-2024,19:57:28,50.1134,-5.5296,,1341,4097,438,103,,,5,113,8,194,170,240,72,76,150,79,245,170,34,81,35,237,121,234,66,,,,,,,,,,,,,
17343,225765,27,MC,B,15,29-Oct-2024,20:58:34,50.1137,-5.5377,,401677698,-118,8,0,29-Oct-2024,20:58:34,50.1137,-5.5377,,1788,4199,761,99,,,16,177,32,194,152,48,129,225,133,226,203,194,14,194,23,33,177,26,217,225,122,85,228,144,58,235,109,,,,,
17343,225765,27,MB,B,16,29-Oct-2024,21:43:33,50.1118,-5.5693,,401677690,-132,8,0,29-Oct-2024,21:43:33,50.1118,-5.5693,,2098,5146,855,91,,,16,177,32,194,187,19,213,211,245,104,44,78,144,78,94,201,177,28,53,206,68,142,32,133,77,36,195,,,,,
17343,225765,31,O3,B,17,29-Oct-2024,22:32:08,50.1135,-5.5804,,401677686,-125,8,0,29-Oct-2024,22:32:09,50.1135,-5.5804,,2301,5165,1024,91,,,13,49,31,130,187,48,76,15,130,2,4,25,225,224,71,190,102,110,131,121,162,151,111,135,135,242,72,71,35,131,184,
17343,225765,23,NN,B,18,29-Oct-2024,22:35:24,50.1145,-5.5682,,401677693,-122,6,0,29-Oct-2024,22:35:24,50.1145,-5.5682,,2301,5497,963,94,,,101,118,98,76,249,62,128,21,239,192,51,10,152,188,72,237,246,103,137,109,8,130,8,,,,,,,,,
17343,225765,23,MC,B,19,29-Oct-2024,22:44:52,50.1066,-5.5314,,401677716,-128,6,0,29-Oct-2024,22:44:52,50.1066,-5.5314,,1827,3308,1009,81,,,133,118,170,230,135,111,100,217,166,102,236,141,145,102,100,230,230,238,204,157,187,204,153,,,,,,,,,
17343,225765,15,O3,A,20,30-Oct-2024,00:04:37,50.0897,-5.5280,,401677705,-122,8,0,30-Oct-2024,00:02:58,50.0897,-5.5280,199,1265,17120,93,65,,,27,209,105,10,105,217,33,16,21,48,137,226,16,184,39,,,,,,,,,,,,,,,,,
17343,225765,27,O3,A,20,30-Oct-2024,00:04:37,50.0897,-5.5280,,401677705,-122,8,0,30-Oct-2024,00:04:38,50.0897,-5.5280,199,1265,17120,93,65,,,197,118,224,18,131,95,83,56,121,227,240,117,36,98,169,4,148,189,232,227,220,130,239,47,188,166,9,,,,,
17343,225765,27,O3,A,20,30-Oct-2024,00:04:37,50.0897,-5.5280,,401677705,-122,8,0,30-Oct-2024,00:06:17,50.0897,-5.5280,199,1265,17120,93,65,,,165,120,1,118,222,113,243,162,40,67,32,184,85,199,30,205,149,252,42,85,84,175,0,100,0,0,0,,,,,
17343,225765,31,O3,B,21,30-Oct-2024,01:49:05,50.0995,-5.5420,,401677717,-135,8,0,30-Oct-2024,01:49:06,50.0995,-5.5420,,1723,3720,797,78,,,2,145,59,130,186,70,143,240,81,190,184,163,20,204,30,104,37,112,212,13,223,92,178,175,221,140,226,145,87,240,172,
17343,225765,15,A1,B,22,30-Oct-2024,04:42:21,50.0854,-5.5707,,401677706,-129,8,0,30-Oct-2024,04:42:21,50.0854,-5.5707,,2509,6282,1001,80,,,27,241,105,10,237,217,4,159,186,100,103,62,169,204,21,,,,,,,,,,,,,,,,,
17343,225765,31,CS,B,23,30-Oct-2024,05:30:43,50.0915,-5.5469,,401677699,-135,8,0,30-Oct-2024,05:30:44,50.0915,-5.5469,,2656,9105,774,91,,,229,120,173,80,155,224,122,157,113,176,215,194,16,91,97,138,189,193,131,106,39,206,209,221,138,117,103,86,34,118,205,
17343,225765,27,SR,B,24,30-Oct-2024,05:58:19,50.0822,-5.4461,,401677706,-122,6,0,30-Oct-2024,05:54:29,50.0822,-5.4461,230,974,7455,127,12,,,165,120,1,118,222,113,243,170,104,195,38,188,54,55,21,17,131,2,38,54,99,160,124,187,146,126,198,,,,,
17343,225765,31,SR,B,24,30-Oct-2024,05:58:19,50.0822,-5.4461,,401677706,-122,6,0,30-Oct-2024,05:58:19,50.0822,-5.4461,230,974,7455,127,12,,,129,146,226,190,65,141,178,90,74,184,236,195,249,60,244,109,108,17,51,248,194,174,1,123,30,233,105,242,182,229,152,
17343,225765,31,A1,B,25,30-Oct-2024,06:17:40,50.0815,-5.4459,,401677706,-128,6,0,30-Oct-2024,06:17:41,50.0815,-5.4459,,1053,1544,717,17,,,229,120,173,80,155,226,184,199,110,249,24,203,125,61,76,57,10,254,243,1,103,106,90,171,126,209,94,50,52,0,0,
17343,225765,31,CS,B,26,30-Oct-2024,07:03:36,50.0814,-5.4582,,401677706,-126,8,0,30-Oct-2024,07:03:36,50.0814,-5.4582,,1136,1671,772,106,,,3,177,7,66,188,80,52,15,130,3,35,47,87,37,196,24,52,229,226,100,57,88,154,123,17,233,75,74,99,50,243,
17343,225765,31,SR,B,27,30-Oct-2024,07:41:13,50.0826,-5.4579,,401677716,-137,8,0,30-Oct-2024,07:41:13,50.0826,-5.4579,,1363,2189,848,108,,,229,120,173,80,155,226,184,207,121,23,51,33,132,151,36,111,128,60,213,3,48,195,1,242,246,123,118,162,0,214,143,
17343,225765,31,NK,B,28,30-Oct-2024,08:09:38,50.0842,-5.4514,,401677710,-120,6,0,30-Oct-2024,08:09:38,50.0842,-5.4514,,1800,2557,1266,98,,,24,177,13,130,188,16,60,15,130,2,132,44,225,227,3,131,131,211,64,192,62,8,8,16,219,137,140,13,143,145,194,
17343,225765,23,NK,B,29,30-Oct-2024,09:47:17,50.0934,-5.5216,,401677702,-131,8,0,30-Oct-2024,09:45:17,50.0934,-5.5216,121,1334,8272,215,178,,,133,121,54,112,72,58,115,254,149,95,183,162,230,233,249,35,163,251,197,121,54,160,0,,,,,,,,,
17343,225765,31,NK,B,29,30-Oct-2024,09:47:17,50.0934,-5.5216,,401677702,-131,8,0,30-Oct-2024,09:47:18,50.0934,-5.5216,121,1334,8272,215,178,,,229,120,173,80,155,178,189,8,43,194,85,20,234,64,170,67,203,126,112,153,191,191,231,215,164,254,82,128,170,91,166,
17343,225765,31,MB,B,30,30-Oct-2024,09:58:57,50.0913,-5.4811,,401677717,-129,6,0,30-Oct-2024,09:58:57,50.0913,-5.4811,201,1598,52029,49,106,,,3,177,7,66,188,80,166,15,130,2,4,18,234,66,130,162,195,58,65,0,62,8,8,16,51,138,10,139,12,12,233,
17343,225765,23,MB,B,30,30-Oct-2024,09:58:57,50.0913,-5.4811,,401677717,-129,6,0,30-Oct-2024,10:02:18,50.0913,-5.4811,201,1598,52029,49,106,,,133,120,107,108,0,96,250,244,187,81,204,181,177,28,202,115,74,217,5,248,81,2,0,,,,,,,,,
17343,225765,31,NN,B,31,30-Oct-2024,10:55:10,50.0890,-5.4954,,401677729,-124,7,0,30-Oct-2024,10:55:10,50.0890,-5.4954,,1879,6908,511,105,,,13,113,20,250,245,219,157,101,192,104,155,2,192,26,200,133,159,218,141,156,160,146,179,135,165,30,254,70,182,181,124,
17343,225765,31,MC,B,32,30-Oct-2024,10:55:10,50.0905,-5.4987,,401677723,-115,,0,30-Oct-2024,10:55:10,50.0905,-5.4987,,1723,5701,521,104,,,13,113,21,194,188,112,68,15,194,2,196,203,226,66,162,241,212,159,1,195,226,108,255,92,46,13,81,80,31,239,246,
17343,225765,19,NP,B,33,30-Oct-2024,11:49:23,50.0775,-5.4893,,401677723,-124,8,0,30-Oct-2024,11:49:23,50.0775,-5.4893,191,1013,13922,73,68,,,20,17,107,202,242,186,0,9,115,46,133,212,187,23,98,235,93,64,0,,,,,,,,,,,,,
17343,225765,23,NP,B,33,30-Oct-2024,11:49:23,50.0775,-5.4893,,401677723,-124,8,0,30-Oct-2024,11:52:34,50.0775,-5.4893,191,1013,13922,73,68,,,65,125,93,244,108,8,185,250,212,80,78,140,4,195,228,128,130,48,3,223,237,199,12,,,,,,,,,
17343,225765,31,NN,B,34,30-Oct-2024,12:32:13,50.0786,-5.4735,,401677725,-125,8,0,30-Oct-2024,12:32:14,50.0786,-5.4735,219,823,6371,106,27,,,87,176,180,165,40,162,210,178,255,50,3,66,212,17,187,18,129,142,22,196,82,2,0,3,154,111,255,192,80,0,0,
17343,225765,19,NN,B,34,30-Oct-2024,12:32:13,50.0786,-5.4735,,401677725,-125,8,0,30-Oct-2024,12:35:53,50.0786,-5.4735,219,823,6371,106,27,,,20,17,107,202,242,186,0,9,115,14,149,212,171,21,60,40,230,137,75,,,,,,,,,,,,,
17343,225765,31,MC,B,35,30-Oct-2024,12:32:13,50.0794,-5.4728,,401677719,-121,,0,30-Oct-2024,12:32:14,50.0794,-5.4728,,830,6272,109,27,,,87,176,180,165,40,162,210,178,255,50,3,66,212,17,187,18,129,142,22,196,82,2,0,3,154,111,255,192,80,0,0,
17343,225765,19,O3,A,36,30-Oct-2024,13:43:00,50.0724,-5.4480,,401677714,-122,8,0,30-Oct-2024,13:43:01,50.0724,-5.4480,494,127,543,29,101,,,15,177,102,143,74,240,238,253,115,48,48,30,25,248,219,121,118,63,255,,,,,,,,,,,,,
17343,225765,23,O3,A,36,30-Oct-2024,13:43:00,50.0724,-5.4480,,401677714,-122,8,0,30-Oct-2024,13:46:58,50.0724,-5.4480,494,127,543,29,101,,,133,121,89,244,110,185,114,247,144,164,29,57,91,38,251,114,243,208,37,121,55,119,70,,,,,,,,,
17343,225765,31,O3,A,36,30-Oct-2024,13:43:00,50.0724,-5.4480,,401677714,-122,8,0,30-Oct-2024,13:51:15,50.0724,-5.4480,494,127,543,29,101,,,3,177,7,66,188,80,52,15,130,2,4,18,226,66,130,162,195,227,55,20,99,75,7,129,86,64,164,139,216,141,163,
17343,225765,23,O3,B,37,30-Oct-2024,15:25:31,50.0706,-5.4328,,401677701,-133,8,0,30-Oct-2024,15:25:32,50.0706,-5.4328,,1340,2211,811,94,,,165,121,89,244,110,185,114,247,144,132,188,43,79,209,143,73,196,111,46,38,35,128,189,,,,,,,,,
17343,225765,23,CS,B,38,30-Oct-2024,16:40:49,50.0773,-5.4238,,401677720,-128,7,0,30-Oct-2024,16:40:50,50.0773,-5.4238,,1753,3116,985,95,,,133,121,89,244,110,185,114,247,144,164,29,57,91,38,251,234,247,196,13,3,55,72,227,,,,,,,,,
17343,225765,23,NK,B,39,30-Oct-2024,17:54:21,50.0795,-5.4310,,401677729,-124,8,0,30-Oct-2024,17:54:21,50.0795,-5.4310,,2005,3066,1310,94,,,101,121,137,176,160,204,34,209,70,124,23,102,228,40,145,173,43,209,217,64,0,0,0,,,,,,,,,
17343,225765,31,SR,B,40,30-Oct-2024,18:03:19,50.0966,-5.4142,,401677709,-124,8,0,30-Oct-2024,18:03:19,50.0966,-5.4142,,1830,5330,628,96,,,229,122,39,152,103,52,60,126,137,155,58,220,230,129,138,253,49,232,156,180,72,1,140,243,31,178,178,218,211,255,248,
17343,225765,19,CS,B,41,30-Oct-2024,18:22:12,50.1074,-5.4213,,401677723,-131,6,0,30-Oct-2024,18:22:12,50.1074,-5.4213,,1792,7230,444,93,,,15,177,114,74,242,193,0,65,117,44,124,242,17,17,65,231,138,109,24,,,,,,,,,,,,,
17343,225765,23,A1,B,42,30-Oct-2024,19:11:38,50.0960,-5.4260,,401677716,-116,8,0,30-Oct-2024,19:09:55,50.0960,-5.4260,207,1773,236399,13,95,,,133,121,89,244,110,185,114,247,144,164,29,47,125,101,196,19,205,21,61,130,128,230,231,,,,,,,,,
17343,225765,31,A1,B,42,30-Oct-2024,19:11:38,50.0960,-5.4260,,401677716,-116,8,0,30-Oct-2024,19:13:22,50.0960,-5.4260,207,1773,236399,13,95,,,28,81,60,130,188,240,81,105,81,215,41,249,220,108,151,215,102,247,220,210,189,140,192,88,66,31,47,79,114,4,213,
17343,225765,31,NK,B,43,30-Oct-2024,19:31:17,50.0961,-5.4267,,401677716,-137,6,0,30-Oct-2024,19:31:17,50.0961,-5.4267,,1850,13101,261,94,,,229,122,38,144,101,84,120,119,28,147,57,203,190,160,233,75,173,251,4,22,77,175,19,240,173,127,221,75,239,252,142,
17343,225765,27,SR,B,44,30-Oct-2024,19:44:56,50.0976,-5.4322,,401677710,-125,6,0,30-Oct-2024,19:44:56,50.0976,-5.4322,,1766,9787,318,92,,,197,121,177,54,180,156,162,133,228,113,131,54,217,236,0,70,199,143,247,178,118,80,137,21,233,217,184,,,,,
17343,225765,27,MB,B,45,30-Oct-2024,19:44:56,50.1015,-5.4619,,401677723,-133,,0,30-Oct-2024,19:44:56,50.1015,-5.4619,,1330,6027,293,88,,,197,121,177,54,180,156,226,133,228,113,131,54,217,236,0,102,7,143,247,178,118,80,137,21,233,216,56,,,,,
17343,225765,23,NP,B,46,30-Oct-2024,20:04:01,50.1010,-5.4609,,401677725,-126,6,0,30-Oct-2024,20:04:02,50.1010,-5.4609,,1456,4963,427,88,,,133,121,212,192,74,226,157,224,138,28,19,4,150,39,21,139,183,202,187,154,10,252,198,,,,,,,,,
17343,225765,31,MC,B,47,30-Oct-2024,20:46:32,50.1004,-5.4630,Speed to avg loc 69 x median,401677718,-133,8,0,30-Oct-2024,20:46:32,50.1004,-5.4630,,1625,3991,661,87,,,229,122,39,152,103,52,60,126,137,155,122,220,230,129,138,53,49,96,156,182,8,65,132,244,231,178,160,126,96,255,255,
17343,225765,31,NN,B,48,30-Oct-2024,22:25:37,50.0918,-5.4574,,401677712,-123,8,0,30-Oct-2024,22:25:37,50.0918,-5.4574,,1938,5162,727,85,,,5,49,22,2,189,48,68,15,130,2,4,18,226,99,67,99,163,217,64,128,62,8,8,17,83,135,11,143,15,16,38,
17343,225765,31,MC,B,49,30-Oct-2024,22:25:37,50.0926,-5.4600,,401677711,-124,,0,30-Oct-2024,22:25:37,50.0926,-5.4600,,1782,4962,640,80,,,5,49,22,2,189,48,68,15,130,2,4,18,178,99,67,99,171,201,0,128,62,8,8,17,83,135,11,143,15,16,38,
17343,225765,31,O3,B,50,30-Oct-2024,23:23:25,50.0887,-5.4716,,401677717,-123,8,0,30-Oct-2024,23:21:18,50.0887,-5.4716,256,1037,8664,124,143,,,229,122,39,152,103,52,60,102,137,155,58,220,230,131,130,175,145,186,33,218,240,123,196,202,96,159,24,59,112,188,98,
17343,225765,31,O3,B,50,30-Oct-2024,23:23:25,50.0887,-5.4716,,401677717,-123,8,0,30-Oct-2024,23:25:34,50.0887,-5.4716,256,1037,8664,124,143,,,5,49,6,16,13,80,38,6,210,99,128,232,151,225,108,9,62,39,177,136,140,203,99,86,66,237,185,20,23,220,15,
17343,225765,31,NP,B,51,30-Oct-2024,23:25:58,50.1237,-5.4974,,401677712,-136,6,0,30-Oct-2024,23:25:34,50.1237,-5.4974,50,1813,4841,678,141,,,5,49,22,20,160,142,116,146,186,184,134,4,52,20,49,175,164,182,107,241,248,250,41,82,174,171,76,148,205,173,241,
17343,225765,31,NP,B,51,30-Oct-2024,23:25:58,50.1237,-5.4974,,401677712,-136,6,0,30-Oct-2024,23:26:24,50.1237,-5.4974,50,1813,4841,678,141,,,26,81,17,134,189,24,221,110,118,108,202,252,36,20,65,224,209,253,63,191,228,139,194,12,37,196,4,133,5,134,241,
17343,225765,31,NN,B,52,31-Oct-2024,00:03:22,50.1202,-5.4973,,401677699,-127,8,0,31-Oct-2024,00:03:23,50.1202,-5.4973,,2080,2916,1482,108,,,42,113,159,172,67,127,228,223,218,126,70,21,186,119,234,216,159,20,91,99,120,65,24,86,231,8,77,40,181,182,125,
17343,225765,23,O3,B,53,31-Oct-2024,01:01:43,50.1253,-5.4590,,401677702,-129,8,0,31-Oct-2024,00:59:47,50.1253,-5.4590,232,2260,21165,241,152,,,101,122,189,162,214,94,95,244,222,225,217,146,40,205,33,99,43,224,238,224,0,0,0,,,,,,,,,
17343,225765,23,O3,B,53,31-Oct-2024,01:01:43,50.1253,-5.4590,,401677702,-129,8,0,31-Oct-2024,01:03:39,50.1253,-5.4590,232,2260,21165,241,152,,,101,122,192,2,224,213,47,167,65,147,229,130,86,134,21,81,203,206,192,19,70,199,12,,,,,,,,,
17343,225765,31,SR,A,54,31-Oct-2024,05:26:18,50.1027,-5.4749,,401677713,-122,8,0,31-Oct-2024,05:22:06,50.1027,-5.4749,561,2288,44696,117,91,,,42,43,192,16,1,0,17,17,16,1,17,17,1,1,16,190,43,160,255,255,246,39,193,18,17,17,0,0,0,1,169,
17343,225765,27,SR,A,54,31-Oct-2024,05:26:18,50.1027,-5.4749,,401677713,-122,8,0,31-Oct-2024,05:30:32,50.1027,-5.4749,561,2288,44696,117,91,,,197,124,148,214,171,173,113,169,155,140,35,156,241,184,142,49,1,217,135,63,166,110,192,106,198,111,193,,,,,
17343,225765,31,SR,A,54,31-Oct-2024,05:26:18,50.1027,-5.4749,,401677713,-122,8,0,31-Oct-2024,05:31:27,50.1027,-5.4749,561,2288,44696,117,91,,,22,17,59,194,189,112,45,15,134,66,68,6,98,45,113,227,114,177,50,83,252,132,112,152,163,61,135,130,6,248,87,
17343,225765,31,A1,A,55,31-Oct-2024,05:46:27,50.1004,-5.4741,,401677714,-125,6,0,31-Oct-2024,05:46:27,50.1004,-5.4741,351,152,519,44,60,,,4,17,42,2,190,48,80,15,130,2,4,21,226,2,66,130,195,216,128,208,62,8,8,16,47,136,8,137,9,138,239,
17343,225765,31,A1,A,55,31-Oct-2024,05:46:27,50.1004,-5.4741,,401677714,-125,6,0,31-Oct-2024,05:49:43,50.1004,-5.4741,351,152,519,44,60,,,229,124,184,178,18,74,79,129,84,24,194,164,243,73,187,134,172,216,243,37,196,210,158,240,17,178,190,92,106,0,0,
17343,225765,19,A1,A,55,31-Oct-2024,05:46:27,50.1004,-5.4741,,401677714,-125,6,0,31-Oct-2024,05:52:18,50.1004,-5.4741,351,152,519,44,60,,,12,17,114,202,245,130,0,1,117,46,165,212,187,23,98,234,0,0,0,,,,,,,,,,,,,
17343,225765,27,CS,B,56,31-Oct-2024,07:59:04,50.0927,-5.4641,,401677730,-134,8,0,31-Oct-2024,07:59:04,50.0927,-5.4641,,1529,2246,1040,92,,,165,124,43,20,223,28,213,117,146,67,118,202,153,170,216,223,20,159,94,22,4,175,159,176,192,0,0,,,,,
17343,225765,31,NK,B,57,31-Oct-2024,09:19:24,50.0564,-5.4807,,401677754,-124,7,0,31-Oct-2024,09:19:25,50.0564,-5.4807,,1834,3981,844,100,,,4,17,41,18,157,89,2,82,94,44,137,189,27,248,68,246,57,85,148,201,136,43,68,228,165,163,45,70,82,134,181,
17343,225765,31,MB,B,58,31-Oct-2024,09:40:06,50.0868,-5.4615,,401677743,-133,8,0,31-Oct-2024,09:40:06,50.0868,-5.4615,,2141,3514,1303,95,,,18,177,23,66,190,16,72,15,130,2,132,26,225,162,76,54,236,219,147,102,210,146,11,54,9,246,195,38,217,44,123,
17343,225765,23,NP,B,59,31-Oct-2024,10:00:55,50.0142,-5.5226,,401677723,-123,6,0,31-Oct-2024,10:00:56,50.0142,-5.5226,199,1726,43601,68,108,,,18,17,89,139,250,68,0,65,116,46,133,204,185,151,50,230,92,203,153,115,46,101,204,,,,,,,,,
17343,225765,31,NP,B,59,31-Oct-2024,10:00:55,50.0142,-5.5226,,401677723,-123,6,0,31-Oct-2024,10:04:15,50.0142,-5.5226,199,1726,43601,68,108,,,229,125,34,34,72,72,227,208,89,32,242,1,234,21,106,212,161,74,149,43,84,172,137,120,74,126,225,13,35,13,249,
17343,225765,31,MC,B,60,31-Oct-2024,10:33:09,50.0193,-5.5285,,401677720,-121,8,0,31-Oct-2024,10:33:09,50.0193,-5.5285,236,1514,97526,23,100,,,31,113,46,130,190,112,84,31,130,10,215,251,156,252,30,111,205,134,127,159,192,255,247,239,148,57,82,149,26,28,96,
17343,225765,27,MC,B,60,31-Oct-2024,10:33:09,50.0193,-5.5285,,401677720,-121,8,0,31-Oct-2024,10:37:05,50.0193,-5.5285,236,1514,97526,23,100,,,165,124,214,98,74,154,72,190,229,23,141,33,174,230,247,180,154,84,223,13,8,175,170,81,0,0,0,,,,,
17343,225765,31,NN,B,61,31-Oct-2024,10:46:02,50.0200,-5.5325,,401677727,-129,6,0,31-Oct-2024,10:46:03,50.0200,-5.5325,,1563,10144,240,100,,,229,125,34,34,72,72,227,208,89,32,242,34,241,164,174,206,90,181,38,150,62,141,195,117,92,82,190,171,130,0,0,
17343,225765,31,MB,B,62,31-Oct-2024,11:11:09,50.0201,-5.5331,,401677729,-128,6,0,31-Oct-2024,11:11:10,50.0201,-5.5331,,1706,6798,427,99,,,229,125,117,102,56,175,57,50,190,241,66,134,169,58,74,164,124,95,142,99,210,159,93,21,199,162,190,178,200,0,0,
17343,225765,31,MC,B,63,31-Oct-2024,12:17:22,50.0232,-5.7292,,401677710,-128,,0,31-Oct-2024,12:17:22,50.0232,-5.7292,,521,3110,87,100,,,229,124,184,178,19,122,74,3,197,209,159,98,32,115,201,172,63,28,104,146,166,105,79,120,8,217,95,98,42,128,0,
17343,225765,31,NN,A,64,31-Oct-2024,12:17:22,50.0232,-5.7292,,401677715,-124,8,0,31-Oct-2024,12:17:22,50.0232,-5.7292,510,521,3114,87,100,,,229,124,184,178,18,74,75,133,68,59,130,241,243,91,190,28,144,190,196,219,231,107,72,195,249,147,95,98,42,128,0,
17343,225765,31,NN,A,64,31-Oct-2024,12:17:22,50.0232,-5.7292,,401677715,-124,8,0,31-Oct-2024,12:21:44,50.0232,-5.7292,510,521,3114,87,100,,,7,241,41,66,190,144,52,15,130,2,4,25,227,36,69,103,39,85,128,224,62,8,8,16,59,142,21,152,25,156,96,
17343,225765,31,NN,A,64,31-Oct-2024,12:17:22,50.0232,-5.7292,,401677715,-124,8,0,31-Oct-2024,12:25:52,50.0232,-5.7292,510,521,3114,87,100,,,229,125,138,216,176,163,47,124,152,121,174,147,248,134,159,169,119,86,141,237,110,138,86,226,10,98,190,198,115,0,0,
17343,225765,31,O3,A,65,31-Oct-2024,13:01:24,50.0183,-5.5997,,401677719,-118,8,0,31-Oct-2024,13:01:25,50.0183,-5.5997,299,10639,,,,,,24,49,3,66,190,176,44,14,28,159,131,53,0,151,111,187,233,217,230,150,114,93,54,167,133,159,189,167,245,200,198,
17343,225765,31,O3,A,65,31-Oct-2024,13:01:24,50.0183,-5.5997,,401677719,-118,8,0,31-Oct-2024,13:05:39,50.0183,-5.5997,299,10639,,,,,,229,93,224,151,57,93,243,236,90,209,132,200,56,189,63,241,156,151,12,69,62,57,184,231,232,228,30,71,115,254,7,
17343,225765,23,O3,A,65,31-Oct-2024,13:01:24,50.0183,-5.5997,,401677719,-118,8,0,31-Oct-2024,13:06:24,50.0183,-5.5997,299,10639,,,,,,133,125,64,112,75,163,82,217,59,59,175,225,174,76,0,216,75,136,209,95,104,203,128,,,,,,,,,
17343,225765,31,NN,B,66,31-Oct-2024,14:01:14,50.0150,-5.6087,,401677715,-137,8,0,31-Oct-2024,14:01:14,50.0150,-5.6087,,12052,43607,3331,99,,,229,125,138,202,28,39,215,49,140,103,40,198,57,136,113,142,99,141,243,9,214,59,223,48,198,101,135,227,167,232,248,
17343,225765,23,O3,B,67,31-Oct-2024,14:42:05,50.0224,-5.6438,,401677690,-136,8,0,31-Oct-2024,14:42:06,50.0224,-5.6438,,8819,23362,3328,96,,,133,124,64,112,11,186,83,14,97,203,193,227,23,253,56,196,56,211,252,53,189,74,177,,,,,,,,,
17343,225765,31,CS,3,68,31-Oct-2024,17:43:23,50.1084,-5.7001,,401677717,-120,58,0,31-Oct-2024,17:38:42,50.1084,-5.7001,543,200,501,79,79,,,7,241,41,66,190,144,52,15,154,223,47,242,140,226,26,185,166,145,240,15,52,9,88,189,150,208,183,28,166,113,166,
17343,225765,31,CS,3,68,31-Oct-2024,17:43:23,50.1084,-5.7001,,401677717,-120,58,0,31-Oct-2024,17:41:53,50.1084,-5.7001,543,200,501,79,79,,,229,161,53,108,213,40,50,91,50,21,66,75,5,138,135,9,55,232,213,110,38,76,222,30,147,199,170,236,45,37,112,
17343,225765,31,CS,3,68,31-Oct-2024,17:43:23,50.1084,-5.7001,,401677717,-120,58,0,31-Oct-2024,17:45:16,50.1084,-5.7001,543,200,501,79,79,,,229,125,101,102,56,175,57,50,190,241,66,135,226,244,165,81,231,133,177,21,234,144,241,212,35,217,196,230,245,196,86,
17343,225765,31,CS,3,68,31-Oct-2024,17:43:23,50.1084,-5.7001,,401677717,-120,58,0,31-Oct-2024,17:47:45,50.1084,-5.7001,543,200,501,79,79,,,24,89,67,10,22,48,213,157,94,2,49,181,124,249,218,156,246,26,3,169,234,131,243,30,71,134,219,96,231,166,15,
17343,225765,31,A1,B,69,31-Oct-2024,18:39:27,50.1166,-5.7219,,401677717,-128,8,0,31-Oct-2024,18:39:28,50.1166,-5.7219,,1595,2495,1019,88,,,8,209,52,130,150,240,48,15,130,2,4,58,226,34,127,253,58,167,96,92,31,4,4,12,153,199,8,11,140,77,38,
17343,225765,31,NK,B,70,31-Oct-2024,19:00:46,50.1182,-5.7253,,401677719,-131,6,0,31-Oct-2024,19:00:47,50.1182,-5.7253,,1688,3012,945,95,,,23,49,52,66,191,16,60,15,130,2,4,35,226,34,195,68,230,51,193,0,62,8,10,16,55,137,11,141,144,28,102,
17343,225765,31,A1,B,71,31-Oct-2024,20:15:46,50.1231,-5.7518,,401677722,-128,8,0,31-Oct-2024,20:15:47,50.1231,-5.7518,,1708,4546,641,98,,,72,16,180,165,40,162,210,178,255,208,251,69,212,21,63,18,85,255,22,195,242,2,94,4,98,163,255,192,80,0,0,
17343,225765,27,MC,B,72,31-Oct-2024,20:18:31,50.1143,-5.7449,,401677708,-123,8,0,31-Oct-2024,20:18:32,50.1143,-5.7449,,1771,3953,793,88,,,165,126,37,46,192,53,98,83,175,5,236,204,89,50,49,248,243,69,214,111,153,99,67,133,143,239,26,,,,,
17343,225765,31,MB,B,73,31-Oct-2024,21:02:47,50.1132,-5.7245,,401677725,-125,7,0,31-Oct-2024,21:02:48,50.1132,-5.7245,111,1398,25673,76,68,,,23,145,1,130,191,48,56,15,130,2,132,24,226,99,36,37,6,119,129,48,62,8,10,144,107,135,138,12,17,25,221,
17343,225765,27,MB,B,73,31-Oct-2024,21:02:47,50.1132,-5.7245,,401677725,-125,7,0,31-Oct-2024,21:04:39,50.1132,-5.7245,111,1398,25673,76,68,,,165,126,161,16,238,124,130,156,68,205,160,45,30,99,217,218,151,27,31,72,200,175,212,73,128,0,4,,,,,
17343,225765,27,NP,B,74,31-Oct-2024,21:29:50,50.1191,-5.7314,,401677736,-116,6,0,31-Oct-2024,21:29:50,50.1191,-5.7314,,1535,6744,349,71,,,197,126,75,48,100,56,190,148,44,90,217,32,126,10,221,151,195,99,124,122,79,250,133,21,250,187,168,,,,,
17343,225765,23,MC,B,75,31-Oct-2024,21:59:02,50.1206,-5.7351,,401677737,-120,6,0,31-Oct-2024,21:59:03,50.1206,-5.7351,,1696,5230,550,73,,,133,126,115,118,227,234,207,224,206,238,87,28,248,98,29,24,128,84,226,19,101,137,143,,,,,,,,,
17343,225765,31,NP,B,76,31-Oct-2024,23:12:03,50.1238,-5.6959,,401677737,-129,8,0,31-Oct-2024,23:11:30,50.1238,-5.6959,67,1843,5377,631,43,,,22,145,1,130,191,48,56,15,130,2,132,24,226,99,36,37,6,119,129,48,62,8,10,16,107,135,138,12,17,25,221,
17343,225765,27,NP,B,76,31-Oct-2024,23:12:03,50.1238,-5.6959,,401677737,-129,8,0,31-Oct-2024,23:12:37,50.1238,-5.6959,67,1843,5377,631,43,,,165,126,161,16,238,124,130,158,68,205,160,45,30,99,221,249,149,75,231,140,241,139,59,33,205,103,109,,,,,
17343,225765,27,MC,B,77,31-Oct-2024,23:40:27,50.1235,-5.6972,,401677740,-127,6,0,31-Oct-2024,23:40:27,50.1235,-5.6972,,2065,4201,1014,47,,,197,126,75,48,100,56,190,148,44,90,217,32,126,10,221,17,195,99,124,122,79,250,133,21,251,208,208,,,,,
17343,225765,23,O3,B,78,01-Nov-2024,00:15:58,50.1469,-5.6958,,401677750,-118,7,0,01-Nov-2024,00:15:58,50.1469,-5.6958,,2071,4509,950,62,,,133,126,171,158,236,129,252,216,10,230,113,233,6,140,33,254,219,45,154,46,98,187,167,,,,,,,,,
17343,225765,31,O3,B,79,01-Nov-2024,01:55:05,50.2156,-5.5771,,401677711,-139,8,0,01-Nov-2024,01:53:36,50.2156,-5.5771,179,2291,10964,478,158,,,15,241,32,66,191,109,138,12,226,125,197,5,248,215,214,215,26,198,169,184,56,251,171,130,119,190,104,175,204,24,92,
17343,225765,15,O3,B,79,01-Nov-2024,01:55:05,50.2156,-5.5771,,401677711,-139,8,0,01-Nov-2024,01:56:35,50.2156,-5.5771,179,2291,10964,478,158,,,24,241,77,163,223,233,0,241,101,105,173,120,175,51,145,,,,,,,,,,,,,,,,,
17343,225765,31,SR,A,80,01-Nov-2024,06:35:51,50.2078,-5.5158,,401677688,-127,8,0,01-Nov-2024,06:35:06,50.2078,-5.5158,90,1932,24584,151,94,,,229,132,76,128,119,129,145,81,137,81,89,234,170,66,29,54,68,52,150,8,56,29,201,223,113,146,194,104,197,0,0,
17343,225765,27,SR,A,80,01-Nov-2024,06:35:51,50.2078,-5.5158,,401677688,-127,8,0,01-Nov-2024,06:35:51,50.2078,-5.5158,90,1932,24584,151,94,,,165,132,209,140,28,246,169,163,198,255,130,195,60,187,147,76,39,192,203,63,16,176,154,60,128,0,0,,,,,
17343,225765,31,SR,A,80,01-Nov-2024,06:35:51,50.2078,-5.5158,,401677688,-127,8,0,01-Nov-2024,06:36:36,50.2078,-5.5158,90,1932,24584,151,94,,,22,81,1,66,191,112,12,15,130,2,4,92,226,196,37,5,37,69,64,240,62,8,8,16,123,139,15,16,146,148,214,
17343,225765,31,A1,B,81,01-Nov-2024,06:51:18,50.2111,-5.5612,,401677703,-136,6,0,01-Nov-2024,06:51:19,50.2111,-5.5612,,1415,7114,281,93,,,20,81,27,2,194,16,68,15,130,2,4,32,226,98,227,99,196,84,192,144,62,8,8,16,103,133,6,135,8,8,137,
17343,225765,31,NK,B,82,01-Nov-2024,08:55:51,50.2313,-5.5566,,401677701,-128,8,0,01-Nov-2024,08:53:28,50.2313,-5.5566,288,1294,45257,37,119,,,229,132,76,128,119,129,145,81,137,81,89,234,170,66,28,153,68,36,183,56,232,121,201,95,113,144,194,141,91,0,0,
17343,225765,27,NK,B,82,01-Nov-2024,08:55:51,50.2313,-5.5566,,401677701,-128,8,0,01-Nov-2024,08:58:16,50.2313,-5.5566,288,1294,45257,37,119,,,165,132,209,140,28,246,169,163,198,255,130,195,60,187,147,99,39,192,203,63,16,176,163,163,192,40,226,,,,,
17343,225765,23,NP,B,83,01-Nov-2024,09:51:41,50.2296,-5.5558,,401677708,-130,8,0,01-Nov-2024,09:51:42,50.2296,-5.5558,,1667,4095,678,115,,,133,133,1,166,90,42,98,4,238,61,184,4,211,240,1,8,29,102,197,133,57,208,0,,,,,,,,,
17343,225765,27,NN,B,84,01-Nov-2024,10:25:05,50.2563,-5.5730,,401677699,-124,8,0,01-Nov-2024,10:25:06,50.2563,-5.5730,328,1204,11437,126,15,,,165,132,209,140,28,246,169,171,198,255,134,131,46,58,147,48,38,196,203,63,16,176,173,17,64,0,8,,,,,
17343,225765,19,NN,B,84,01-Nov-2024,10:25:05,50.2563,-5.5730,,401677699,-124,8,0,01-Nov-2024,10:30:34,50.2563,-5.5730,328,1204,11437,126,15,,,9,209,90,139,10,3,0,9,109,45,181,180,182,150,210,218,91,64,0,,,,,,,,,,,,,
17343,225765,31,NK,B,85,01-Nov-2024,10:30:11,50.2807,-5.5667,,401677708,-128,6,0,01-Nov-2024,10:29:49,50.2807,-5.5667,45,946,1535,582,17,,,26,145,51,194,194,112,56,15,130,2,4,12,228,100,167,92,48,212,190,8,152,224,41,62,143,84,207,81,33,207,35,
17343,225765,19,NK,B,85,01-Nov-2024,10:30:11,50.2807,-5.5667,,401677708,-128,6,0,01-Nov-2024,10:30:34,50.2807,-5.5667,45,946,1535,582,17,,,9,209,90,139,10,3,0,9,109,45,181,180,182,150,210,218,91,64,0,,,,,,,,,,,,,
17343,225765,23,MB,B,86,01-Nov-2024,10:56:23,50.2691,-5.5745,,401677701,-124,8,0,01-Nov-2024,10:56:23,50.2691,-5.5745,,1169,1446,945,29,,,133,133,64,140,244,154,5,152,101,61,29,113,109,159,14,191,42,212,69,135,113,246,133,,,,,,,,,
17343,225765,19,NP,B,87,01-Nov-2024,11:23:06,50.2673,-5.5729,,401677702,-126,6,0,01-Nov-2024,11:23:06,50.2673,-5.5729,327,811,13569,48,74,,,9,209,90,139,10,3,0,9,109,37,108,222,54,161,140,177,253,221,182,,,,,,,,,,,,,
17343,225765,23,NP,B,87,01-Nov-2024,11:23:06,50.2673,-5.5729,,401677702,-126,6,0,01-Nov-2024,11:28:33,50.2673,-5.5729,327,811,13569,48,74,,,133,133,1,166,90,42,98,4,238,61,184,4,211,240,1,219,29,102,236,61,119,224,146,,,,,,,,,
PTT,Diags,Passes,Msgs,,,,,,,,,,,,,,,,,,,,,,,,,,,,,,,,,,,,,,,,,,,,,,,,,,,,,,
225765,0,87,134,,,,,,,,,,,,,,,,,,,,,,,,,,,,,,,,,,,,,,,,,,,,,,,,,,,,,,
