"DeployID","Platform ID No.","Prg No.","Latitude","Longitude","Loc. quality","Loc. date","Loc. type","Altitude","Pass","Sat.","Mote Id","Frequency","Msg Date","Comp.","Msg","> - 120 DB","Best level","Delta freq.","Long. 1","Lat. sol. 1","Long. 2","Lat. sol. 2","Loc. idx","Nopc","Error radius","Semi-major axis","Semi-minor axis","Ellipse orientation","GDOP","SENSOR #01","SENSOR #02","SENSOR #03","SENSOR #04","SENSOR #05","SENSOR #06","SENSOR #07","SENSOR #08","SENSOR #09","SENSOR #10","SENSOR #11","SENSOR #12","SENSOR #13","SENSOR #14","SENSOR #15","SENSOR #16","SENSOR #17","SENSOR #18","SENSOR #19","SENSOR #20","SENSOR #21","SENSOR #22","SENSOR #23","SENSOR #24","SENSOR #25","SENSOR #26","SENSOR #27","SENSOR #28","SENSOR #29","SENSOR #30","SENSOR #31","SENSOR #32"
"Monarch",238971,17343,,,,,,,0,CS,,401650000,02/07/2025 17:26:01,1,1,0,-139,401650000,,,,,,,,,,,,201,28,254,126,24,69,18,162,142,13,134,133,42,194,15,184,49,146,96,49,74,174,28,146,125,244,236,,,,,
"Monarch",238971,17343,,,,,,,0,CS,,401650000,02/07/2025 19:14:05,1,1,0,-140,401650000,,,,,,,,,,,,21,49,17,68,142,240,0,15,130,2,2,91,2,64,124,27,58,106,3,165,104,22,109,209,221,41,5,,,,,
"Monarch",238971,17343,,,,,,,0,NK,,401650000,02/07/2025 19:25:54,1,1,0,-128,401650000,,,,,,,,,,,,201,29,253,56,149,38,205,75,101,216,228,255,46,129,118,158,40,236,113,197,225,18,130,15,27,58,126,,,,,
"Monarch",238971,17343,,,,,,,0,SR,,401650000,02/07/2025 20:06:26,1,1,0,-133,401650000,,,,,,,,,,,,201,29,253,56,149,38,205,75,101,184,65,88,124,235,24,189,231,147,84,72,67,200,62,12,79,98,26,,,,,
"Monarch",238971,17343,,,,,,,0,MB,,401650000,02/07/2025 20:15:58,1,1,0,-128,401650000,,,,,,,,,,,,201,30,0,32,220,193,125,31,176,67,247,224,99,108,28,220,146,149,255,85,161,87,238,164,122,31,200,,,,,
"Monarch",238971,17343,,,,,,,380,NP,,401650000,02/07/2025 20:56:27,1,2,0,-120,401650000,,,,,,,,,,,,201,30,0,32,220,193,125,31,163,174,13,166,221,59,0,115,241,44,137,243,226,247,244,136,44,25,248,,,,,
"Monarch",238971,17343,,,,,,,380,NP,,401650000,02/07/2025 21:02:47,1,2,0,-120,401650000,,,,,,,,,,,,5,145,2,69,178,200,140,136,22,37,242,189,61,116,151,0,132,227,240,146,152,58,97,34,96,104,176,176,255,46,64,
"Monarch",238971,17343,,,,,,,0,MC,,401650000,02/07/2025 21:12:22,1,1,1,-112,401650000,,,,,,,,,,,,105,30,117,134,21,106,64,243,242,199,102,239,16,49,68,251,61,247,120,57,210,192,62,,,,,,,,,
"Monarch",238971,17343,,,,,,,0,NN,,401650000,02/07/2025 22:55:10,1,1,0,-125,401650000,,,,,,,,,,,,21,49,17,68,142,240,0,15,130,2,10,90,155,11,141,30,188,80,177,174,115,177,208,6,76,14,224,,,,,
"Monarch",238971,17343,,,,,,,0,MC,,401650000,02/07/2025 22:55:10,1,1,0,-125,401650000,,,,,,,,,,,,21,49,17,68,142,240,0,15,130,7,0,87,163,114,196,14,49,67,233,3,251,217,245,236,213,165,124,,,,,
"Monarch",238971,17343,,,,,,,0,NN,,401650000,02/08/2025 00:37:19,1,1,0,-133,401650000,,,,,,,,,,,,105,30,117,134,21,106,64,216,178,117,110,20,63,140,203,159,73,0,149,32,0,64,0,,,,,,,,,
"Monarch",238971,17343,,,,,,,0,NP,,401650000,02/08/2025 10:49:59,1,1,0,-127,401650000,,,,,,,,,,,,24,177,32,132,144,48,84,15,130,2,0,34,225,193,226,98,215,14,100,32,24,219,24,34,59,200,54,65,17,209,100,
"Monarch",238971,17343,,,,,,,0,MC,,401650000,02/08/2025 11:03:49,1,1,1,-113,401650000,,,,,,,,,,,,137,33,36,206,96,46,5,76,40,189,15,92,163,213,9,243,122,163,73,33,97,224,0,,,,,,,,,
"Monarch",238971,17343,,,,,,,0,MB,,401650000,02/08/2025 11:47:50,1,1,0,-130,401650000,,,,,,,,,,,,137,33,36,206,96,46,5,76,40,189,15,92,163,213,9,120,122,163,73,33,119,228,0,,,,,,,,,
"Monarch",238971,17343,,,,,,,182,MC,,401650000,02/08/2025 12:41:36,1,2,0,-127,401650000,,,,,,,,,,,,137,33,36,206,96,46,5,76,40,189,15,92,163,213,9,143,122,163,73,160,186,233,216,,,,,,,,,
"Monarch",238971,17343,,,,,,,182,MC,,401650000,02/08/2025 12:44:38,1,2,0,-127,401650000,,,,,,,,,,,,12,49,25,196,148,64,70,23,119,138,34,151,132,167,147,211,166,4,4,3,46,165,229,102,102,239,15,157,148,155,255,
"Monarch",238971,17343,,,,,,,0,O3,,401650000,02/08/2025 12:47:47,1,1,0,-124,401650000,,,,,,,,,,,,105,33,81,180,97,25,12,13,164,200,123,117,0,125,224,83,113,88,73,206,18,234,70,,,,,,,,,
"Monarch",238971,17343,,,,,,,175,NN,,401650000,02/08/2025 12:50:38,1,2,0,-124,401650000,,,,,,,,,,,,233,97,157,54,238,228,172,243,147,100,224,220,127,186,242,189,0,80,191,36,138,77,50,233,4,196,144,204,165,0,0,
"Monarch",238971,17343,,,,,,,175,NN,,401650000,02/08/2025 12:53:33,1,2,0,-124,401650000,,,,,,,,,,,,0,113,23,68,144,112,72,15,130,2,4,29,225,226,34,131,3,56,65,96,62,8,11,85,145,78,253,245,240,48,233,
"Monarch",238971,17343,,,,,,,0,CS,,401650000,02/08/2025 15:15:21,1,1,0,-126,401650000,,,,,,,,,,,,10,241,100,210,67,130,0,1,79,49,228,56,135,16,240,,,,,,,,,,,,,,,,,
"Monarch",238971,17343,,,,,,,0,CS,,401650000,02/08/2025 16:55:36,1,1,0,-134,401650000,,,,,,,,,,,,1,113,35,68,158,216,92,79,198,186,9,24,202,40,198,181,156,239,18,87,9,3,183,248,75,45,230,3,243,54,217,
"Monarch",238971,17343,,,,,,,0,SR,,401650000,02/08/2025 19:33:08,1,1,0,-131,401650000,,,,,,,,,,,,169,34,14,10,222,75,121,103,152,66,111,179,223,168,251,132,81,30,55,148,9,36,78,17,192,0,0,,,,,
"Monarch",238971,17343,,,,,,,0,MB,,401650000,02/08/2025 21:31:07,1,1,0,-132,401650000,,,,,,,,,,,,169,34,14,10,222,75,121,103,152,66,111,179,223,136,251,109,85,30,55,148,9,36,85,241,192,0,0,,,,,
"Monarch",238971,17343,,,,,,,0,O3,,401650000,02/09/2025 01:39:49,1,1,0,-135,401650000,,,,,,,,,,,,20,113,31,132,211,145,167,191,247,157,152,249,188,16,113,218,107,119,92,169,17,149,236,155,233,208,172,240,58,109,42,
"Monarch",238971,17343,,,,,,,0,CS,,401650000,02/09/2025 06:35:45,1,1,0,-130,401650000,,,,,,,,,,,,137,36,93,82,161,166,207,85,86,48,82,85,152,101,243,132,237,173,9,36,209,216,0,,,,,,,,,
"Monarch",238971,17343,,,,,,,0,SR,,401650000,02/09/2025 06:54:44,1,1,0,-132,401650000,,,,,,,,,,,,233,36,216,182,179,252,152,52,26,211,217,191,93,244,26,243,153,46,167,13,255,129,198,227,108,221,224,72,5,113,240,
"Monarch",238971,17343,,,,,,,0,MB,,401650000,02/09/2025 09:45:17,1,1,0,-131,401650000,,,,,,,,,,,,233,36,252,218,99,89,134,192,227,156,99,43,255,72,131,196,120,241,184,42,40,49,208,216,243,68,146,155,80,0,0,
"Monarch",238971,17343,,,,,,,195,MC,,401650000,02/09/2025 10:46:15,1,2,0,-127,401650000,,,,,,,,,,,,15,145,45,196,146,16,88,15,130,2,132,20,226,98,194,227,3,152,128,160,62,8,8,17,111,133,134,136,10,141,33,
"Monarch",238971,17343,,,,,,,0,NP,,401650000,02/09/2025 10:46:15,1,1,0,-133,401650000,,,,,,,,,,,,15,145,45,196,146,16,88,15,130,2,132,20,226,98,194,227,3,152,128,160,62,8,8,17,111,133,134,136,10,141,33,
"Monarch",238971,17343,,,,,,,195,MC,,401650000,02/09/2025 10:49:30,1,2,0,-127,401650000,,,,,,,,,,,,24,177,68,210,72,187,0,65,141,33,52,52,135,176,96,,,,,,,,,,,,,,,,,
"Monarch",238971,17343,50.75177,-6.30885,3,03/09/2025 11:29:50,Argos,0,330,NP,,401677856.87,03/09/2025 11:27:04,1,4,0,-129,401677856.87,-6.30885,50.75177,-6.30885,50.75177,50,3,181,657,49,102,235,20,145,0,4,180,208,0,15,130,2,2,111,0,0,124,16,17,142,200,,,,,,,,,,,,,
"Monarch",238971,17343,50.75177,-6.30885,3,03/09/2025 11:29:50,Argos,0,330,NP,,401677856.87,03/09/2025 11:28:26,1,4,0,-129,401677856.87,-6.30885,50.75177,-6.30885,50.75177,50,3,181,657,49,102,235,28,149,254,30,146,67,119,91,39,210,64,187,113,73,223,146,26,187,227,,,,,,,,,,,,,
"Monarch",238971,17343,50.75177,-6.30885,3,03/09/2025 11:29:50,Argos,0,330,NP,,401677856.87,03/09/2025 11:31:19,1,4,0,-129,401677856.87,-6.30885,50.75177,-6.30885,50.75177,50,3,181,657,49,102,235,24,145,67,132,181,16,0,15,130,2,2,70,152,93,175,70,121,104,188,,,,,,,,,,,,,
"Monarch",238971,17343,50.75177,-6.30885,3,03/09/2025 11:29:50,Argos,0,330,NP,,401677856.87,03/09/2025 11:32:34,1,4,0,-129,401677856.87,-6.30885,50.75177,-6.30885,50.75177,50,3,181,657,49,102,235,8,145,9,196,189,62,7,143,0,124,3,224,120,240,24,23,7,139,11,,,,,,,,,,,,,
"Monarch",238971,17343,50.75177,-6.30885,3,03/09/2025 11:29:50,Argos,0,330,NP,,401677856.87,03/09/2025 11:36:19,1,4,0,-129,401677856.87,-6.30885,50.75177,-6.30885,50.75177,50,3,181,657,49,102,235,20,177,17,68,182,16,0,15,131,243,239,142,181,16,223,41,127,123,116,,,,,,,,,,,,,
"Monarch",238971,17343,50.75177,-6.30885,3,03/09/2025 11:29:50,Argos,0,330,NP,,401677856.87,03/09/2025 11:37:06,1,4,0,-129,401677856.87,-6.30885,50.75177,-6.30885,50.75177,50,3,181,657,49,102,235,8,177,25,4,182,48,0,15,130,2,2,127,0,0,124,16,16,17,4,,,,,,,,,,,,,
"Monarch",238971,17343,50.75551,-6.30802,B,03/09/2025 11:44:40,Argos,0,178,NN,,401677862.43,03/09/2025 11:44:40,1,2,0,-121,401677862.43,-6.30802,50.75551,-6.30802,50.75551,6,3,622,9806,39,96,1080,24,177,9,68,182,112,0,6,21,52,115,233,190,108,155,182,25,42,193,,,,,,,,,,,,,
"Monarch",238971,17343,50.75551,-6.30802,B,03/09/2025 11:44:40,Argos,0,178,NN,,401677862.43,03/09/2025 11:47:38,1,2,0,-121,401677862.43,-6.30802,50.75551,-6.30802,50.75551,6,3,622,9806,39,96,1080,28,177,49,4,182,144,0,15,130,2,2,114,43,63,40,74,87,176,119,,,,,,,,,,,,,
"Monarch",238971,17343,50.75804,-6.30829,B,03/09/2025 13:27:52,Argos,0,0,NN,,401677856,03/09/2025 13:27:52,1,1,0,-127,401677856,-6.30829,50.75804,-6.30829,50.75804,8,3,2073,3756,1143,90,3950,137,165,162,118,151,229,173,100,242,251,134,14,172,24,61,227,72,74,121,70,187,192,22,,,,,,,,,
"Monarch",238971,17343,50.76293,-6.31289,B,03/09/2025 19:41:01,Argos,0,0,NK,,401677860.31,03/09/2025 19:41:01,1,1,0,-131,401677860.31,-6.31289,50.76293,-6.31289,50.76293,8,3,2884,4656,1786,85,8157,24,81,44,4,194,144,0,46,114,196,16,41,213,195,227,120,123,67,173,,,,,,,,,,,,,
"Monarch",238971,17343,50.74305,-6.41554,0,03/09/2025 21:18:46,Argos,0,747,NP,,401677856.97,03/09/2025 21:15:37,1,4,0,-125,401677856.97,-6.41554,50.74305,-6.41554,50.74305,58,3,6536,465277,91,79,3644,20,81,52,4,194,240,0,15,130,2,2,127,0,0,124,16,17,19,235,,,,,,,,,,,,,
"Monarch",238971,17343,50.74305,-6.41554,0,03/09/2025 21:18:46,Argos,0,747,NP,,401677856.97,03/09/2025 21:21:56,1,4,0,-125,401677856.97,-6.41554,50.74305,-6.41554,50.74305,58,3,6536,465277,91,79,3644,27,179,101,180,204,136,146,7,164,219,83,34,73,183,108,139,34,233,45,,,,,,,,,,,,,
"Monarch",238971,17343,50.74305,-6.41554,0,03/09/2025 21:18:46,Argos,0,747,NP,,401677856.97,03/09/2025 21:24:12,1,4,0,-125,401677856.97,-6.41554,50.74305,-6.41554,50.74305,58,3,6536,465277,91,79,3644,8,17,29,,,,,,,,,,,,,,,,,,,,,,,,,,,,,
"Monarch",238971,17343,50.74752,-6.39174,B,03/09/2025 21:27:39,Argos,0,49,NK,,401677857.86,03/09/2025 21:27:15,1,2,0,-133,401677857.86,-6.39174,50.74752,-6.39174,50.74752,6,2,2353,8981,616,78,2230,0,17,13,68,213,82,48,47,135,210,216,27,220,172,178,105,182,61,188,,,,,,,,,,,,,
"Monarch",238971,17343,50.74305,-6.41554,0,03/09/2025 21:18:46,Argos,0,747,NP,,401677856.97,03/09/2025 21:28:04,1,4,0,-125,401677856.97,-6.41554,50.74305,-6.41554,50.74305,58,3,6536,465277,91,79,3644,42,76,64,238,238,238,238,238,238,238,238,238,238,238,238,115,76,32,238,238,238,238,131,230,4,215,123,33,216,104,0,
"Monarch",238971,17343,50.74752,-6.39174,B,03/09/2025 21:27:39,Argos,0,49,NK,,401677857.86,03/09/2025 21:28:04,1,2,0,-133,401677857.86,-6.39174,50.74752,-6.39174,50.74752,6,2,2353,8981,616,78,2230,42,92,64,238,238,239,238,238,238,238,238,238,238,238,238,115,76,32,238,238,238,233,107,105,107,105,41,105,44,229,182,
"Monarch",238971,17343,50.75198,-6.37191,3,03/09/2025 21:33:45,Argos,0,272,MB,,401677854.64,03/09/2025 21:33:23,1,7,0,-127,401677854.64,-6.37191,50.75198,-6.37191,50.75198,56,2,244,767,77,86,197,4,177,63,85,57,206,172,113,240,251,112,179,202,125,215,220,215,226,175,,,,,,,,,,,,,
"Monarch",238971,17343,50.75188,-6.37031,A,03/09/2025 21:34:08,Argos,0,411,NN,,401677857.12,03/09/2025 21:34:08,1,3,0,-123,401677857.12,-6.37031,50.75188,-6.37031,50.75188,6,3,232,689,77,84,234,80,88,180,165,132,30,182,56,226,167,206,79,254,252,5,19,18,148,71,88,240,97,199,17,25,16,200,121,13,244,249,
"Monarch",238971,17343,50.75198,-6.37191,3,03/09/2025 21:33:45,Argos,0,272,MB,,401677854.64,03/09/2025 21:34:08,1,7,0,-127,401677854.64,-6.37191,50.75198,-6.37191,50.75198,56,2,244,767,77,86,197,80,80,180,165,239,57,227,77,72,127,169,44,233,134,147,158,144,48,195,137,129,245,60,255,217,190,61,127,130,124,31,
"Monarch",238971,17343,50.75198,-6.37191,3,03/09/2025 21:33:45,Argos,0,272,MB,,401677854.64,03/09/2025 21:34:53,1,7,0,-127,401677854.64,-6.37191,50.75198,-6.37191,50.75198,56,2,244,767,77,86,197,8,49,61,68,198,208,0,15,130,2,2,127,0,0,124,16,16,19,248,,,,,,,,,,,,,
"Monarch",238971,17343,50.75188,-6.37031,A,03/09/2025 21:34:08,Argos,0,411,NN,,401677857.12,03/09/2025 21:35:38,1,3,0,-123,401677857.12,-6.37031,50.75188,-6.37031,50.75188,6,3,232,689,77,84,234,20,49,53,4,198,240,0,15,130,2,2,127,0,0,124,16,16,19,248,,,,,,,,,,,,,
"Monarch",238971,17343,50.75198,-6.37191,3,03/09/2025 21:33:45,Argos,0,272,MB,,401677854.64,03/09/2025 21:35:39,1,7,0,-127,401677854.64,-6.37191,50.75198,-6.37191,50.75198,56,2,244,767,77,86,197,20,49,53,4,198,240,0,15,130,2,2,127,0,0,124,16,16,19,248,,,,,,,,,,,,,
"Monarch",238971,17343,50.75198,-6.37191,3,03/09/2025 21:33:45,Argos,0,272,MB,,401677854.64,03/09/2025 21:36:24,1,7,0,-127,401677854.64,-6.37191,50.75198,-6.37191,50.75198,56,2,244,767,77,86,197,16,49,61,4,199,16,0,15,130,2,2,127,0,0,124,16,16,19,248,,,,,,,,,,,,,
"Monarch",238971,17343,50.75198,-6.37191,3,03/09/2025 21:33:45,Argos,0,272,MB,,401677854.64,03/09/2025 21:37:09,1,7,0,-127,401677854.64,-6.37191,50.75198,-6.37191,50.75198,56,2,244,767,77,86,197,12,49,53,68,146,110,226,34,16,201,135,96,115,42,195,66,51,40,15,,,,,,,,,,,,,
"Monarch",238971,17343,50.75198,-6.37191,3,03/09/2025 21:33:45,Argos,0,272,MB,,401677854.64,03/09/2025 21:37:55,1,7,0,-127,401677854.64,-6.37191,50.75198,-6.37191,50.75198,56,2,244,767,77,86,197,0,49,45,77,199,80,4,207,134,2,92,76,113,170,63,198,226,253,157,,,,,,,,,,,,,
"Monarch",238971,17343,50.75188,-6.37031,A,03/09/2025 21:34:08,Argos,0,411,NN,,401677857.12,03/09/2025 21:40:59,1,3,0,-123,401677857.12,-6.37031,50.75188,-6.37031,50.75188,6,3,232,689,77,84,234,28,177,54,196,200,112,0,15,130,2,2,127,80,132,124,16,16,19,248,,,,,,,,,,,,,
"Monarch",238971,17343,50.75198,-6.37191,3,03/09/2025 21:33:45,Argos,0,272,MB,,401677854.64,03/09/2025 21:41:44,1,7,0,-127,401677854.64,-6.37191,50.75198,-6.37191,50.75198,56,2,244,767,77,86,197,24,177,14,132,200,144,0,15,130,2,2,127,0,0,124,16,16,19,216,,,,,,,,,,,,,
"Monarch",238971,17343,50.75151,-6.37424,3,03/09/2025 22:25:45,Argos,0,683,MC,,401677855.67,03/09/2025 22:25:22,1,15,0,-120,401677855.67,-6.37424,50.75151,-6.37424,50.75151,58,3,112,318,39,105,280,8,49,10,196,185,48,0,15,130,2,2,127,0,0,124,16,17,19,248,,,,,,,,,,,,,
"Monarch",238971,17343,50.75151,-6.37424,3,03/09/2025 22:25:45,Argos,0,683,MC,,401677855.67,03/09/2025 22:26:09,1,15,0,-120,401677855.67,-6.37424,50.75151,-6.37424,50.75151,58,3,112,318,39,105,280,4,49,18,196,185,80,0,15,130,2,2,127,0,0,124,16,16,19,248,,,,,,,,,,,,,
"Monarch",238971,17343,50.75151,-6.37424,3,03/09/2025 22:25:45,Argos,0,683,MC,,401677855.67,03/09/2025 22:26:54,1,15,0,-120,401677855.67,-6.37424,50.75151,-6.37424,50.75151,58,3,112,318,39,105,280,42,75,128,230,252,238,238,238,122,252,227,249,195,19,58,250,137,30,240,123,60,136,102,93,48,117,217,194,202,246,4,
"Monarch",238971,17343,50.75151,-6.37424,3,03/09/2025 22:25:45,Argos,0,683,MC,,401677855.67,03/09/2025 22:27:39,1,15,0,-120,401677855.67,-6.37424,50.75151,-6.37424,50.75151,58,3,112,318,39,105,280,24,49,26,132,185,112,0,15,130,2,2,127,0,0,124,16,16,19,248,,,,,,,,,,,,,
"Monarch",238971,17343,50.75151,-6.37424,3,03/09/2025 22:25:45,Argos,0,683,MC,,401677855.67,03/09/2025 22:28:24,1,15,0,-120,401677855.67,-6.37424,50.75151,-6.37424,50.75151,58,3,112,318,39,105,280,16,81,12,68,194,16,0,46,55,111,28,250,3,251,130,135,93,9,252,,,,,,,,,,,,,
"Monarch",238971,17343,50.75151,-6.37424,3,03/09/2025 22:25:45,Argos,0,683,MC,,401677855.67,03/09/2025 22:29:09,1,15,0,-120,401677855.67,-6.37424,50.75151,-6.37424,50.75151,58,3,112,318,39,105,280,8,81,56,68,211,16,0,15,130,2,2,127,0,0,124,16,16,19,232,,,,,,,,,,,,,
"Monarch",238971,17343,50.75151,-6.37424,3,03/09/2025 22:25:45,Argos,0,683,MC,,401677855.67,03/09/2025 22:29:55,1,15,0,-120,401677855.67,-6.37424,50.75151,-6.37424,50.75151,58,3,112,318,39,105,280,12,81,4,4,194,48,0,15,130,2,2,127,0,0,124,16,16,19,248,,,,,,,,,,,,,
"Monarch",238971,17343,50.75151,-6.37424,3,03/09/2025 22:25:45,Argos,0,683,MC,,401677855.67,03/09/2025 22:30:41,1,15,0,-120,401677855.67,-6.37424,50.75151,-6.37424,50.75151,58,3,112,318,39,105,280,0,81,28,4,194,80,0,15,130,2,2,127,0,0,124,16,16,19,248,,,,,,,,,,,,,
"Monarch",238971,17343,50.75151,-6.37424,3,03/09/2025 22:25:45,Argos,0,683,MC,,401677855.67,03/09/2025 22:32:12,1,15,0,-120,401677855.67,-6.37424,50.75151,-6.37424,50.75151,58,3,112,318,39,105,280,28,81,20,68,194,112,0,15,130,2,40,125,128,0,124,16,16,19,248,,,,,,,,,,,,,
"Monarch",238971,17343,50.75151,-6.37424,3,03/09/2025 22:25:45,Argos,0,683,MC,,401677855.67,03/09/2025 22:32:57,1,15,0,-120,401677855.67,-6.37424,50.75151,-6.37424,50.75151,58,3,112,318,39,105,280,24,81,44,4,194,144,0,15,130,2,2,127,0,0,124,16,16,19,248,,,,,,,,,,,,,
"Monarch",238971,17343,50.75151,-6.37424,3,03/09/2025 22:25:45,Argos,0,683,MC,,401677855.67,03/09/2025 22:33:43,1,15,0,-120,401677855.67,-6.37424,50.75151,-6.37424,50.75151,58,3,112,318,39,105,280,4,81,36,68,194,176,0,15,130,2,2,127,0,0,124,16,16,19,248,,,,,,,,,,,,,
"Monarch",238971,17343,50.75151,-6.37424,3,03/09/2025 22:25:45,Argos,0,683,MC,,401677855.67,03/09/2025 22:34:28,1,15,0,-120,401677855.67,-6.37424,50.75151,-6.37424,50.75151,58,3,112,318,39,105,280,8,81,60,68,194,208,0,15,130,2,2,127,0,0,124,16,16,19,248,,,,,,,,,,,,,
"Monarch",238971,17343,50.75151,-6.37424,3,03/09/2025 22:25:45,Argos,0,683,MC,,401677855.67,03/09/2025 22:35:14,1,15,0,-120,401677855.67,-6.37424,50.75151,-6.37424,50.75151,58,3,112,318,39,105,280,20,81,53,7,225,150,66,132,117,184,60,117,27,136,30,114,171,183,56,,,,,,,,,,,,,
"Monarch",238971,17343,50.75151,-6.37424,3,03/09/2025 22:25:45,Argos,0,683,MC,,401677855.67,03/09/2025 22:36:00,1,15,0,-120,401677855.67,-6.37424,50.75151,-6.37424,50.75151,58,3,112,318,39,105,280,16,81,60,4,195,16,0,15,130,2,2,127,0,0,124,16,16,19,248,,,,,,,,,,,,,
"Monarch",238971,17343,50.75151,-6.37424,3,03/09/2025 22:25:45,Argos,0,683,MC,,401677855.67,03/09/2025 22:36:45,1,15,0,-120,401677855.67,-6.37424,50.75151,-6.37424,50.75151,58,3,112,318,39,105,280,12,81,51,69,44,78,174,52,123,88,29,80,224,5,115,119,165,81,53,,,,,,,,,,,,,
"Monarch",238971,17343,50.75076,-6.37417,3,03/09/2025 23:01:16,Argos,0,619,NP,,401677856.37,03/09/2025 22:58:00,1,9,0,-130,401677856.37,-6.37417,50.75076,-6.37417,50.75076,58,3,164,226,118,91,257,16,177,46,196,200,16,0,15,130,2,2,127,0,0,124,16,16,19,248,,,,,,,,,,,,,
"Monarch",238971,17343,50.75076,-6.37417,3,03/09/2025 23:01:16,Argos,0,619,NP,,401677856.37,03/09/2025 22:59:32,1,9,0,-130,401677856.37,-6.37417,50.75076,-6.37417,50.75076,58,3,164,226,118,91,257,0,177,62,132,200,80,0,15,130,2,2,111,0,0,124,16,0,155,248,,,,,,,,,,,,,
"Monarch",238971,17343,50.75076,-6.37417,3,03/09/2025 23:01:16,Argos,0,619,NP,,401677856.37,03/09/2025 23:00:46,1,9,0,-130,401677856.37,-6.37417,50.75076,-6.37417,50.75076,58,3,164,226,118,91,257,20,177,8,132,211,80,0,15,130,2,192,13,97,220,233,128,52,64,161,,,,,,,,,,,,,
"Monarch",238971,17343,50.75076,-6.37417,3,03/09/2025 23:01:16,Argos,0,619,NP,,401677856.37,03/09/2025 23:01:31,1,9,0,-130,401677856.37,-6.37417,50.75076,-6.37417,50.75076,58,3,164,226,118,91,257,28,177,54,196,200,112,0,15,130,2,2,127,0,0,124,16,16,19,248,,,,,,,,,,,,,
"Monarch",238971,17343,50.75076,-6.37417,3,03/09/2025 23:01:16,Argos,0,619,NP,,401677856.37,03/09/2025 23:02:16,1,9,0,-130,401677856.37,-6.37417,50.75076,-6.37417,50.75076,58,3,164,226,118,91,257,24,177,14,132,200,144,0,15,130,2,2,127,0,0,124,16,16,19,248,,,,,,,,,,,,,
"Monarch",238971,17343,50.75076,-6.37417,3,03/09/2025 23:01:16,Argos,0,619,NP,,401677856.37,03/09/2025 23:03:02,1,9,0,-130,401677856.37,-6.37417,50.75076,-6.37417,50.75076,58,3,164,226,118,91,257,201,166,225,34,79,198,25,131,216,48,29,18,30,8,226,212,62,133,107,89,40,126,156,166,130,80,206,,,,,
"Monarch",238971,17343,50.75076,-6.37417,3,03/09/2025 23:01:16,Argos,0,619,NP,,401677856.37,03/09/2025 23:03:48,1,9,0,-130,401677856.37,-6.37417,50.75076,-6.37417,50.75076,58,3,164,226,118,91,257,4,177,6,196,200,176,0,15,130,2,2,127,0,0,124,16,16,19,248,,,,,,,,,,,,,
"Monarch",238971,17343,50.75076,-6.37417,3,03/09/2025 23:01:16,Argos,0,619,NP,,401677856.37,03/09/2025 23:06:03,1,9,0,-130,401677856.37,-6.37417,50.75076,-6.37417,50.75076,58,3,164,226,118,91,257,16,240,158,132,201,16,0,7,130,2,2,127,0,0,124,16,16,19,248,,,,,,,,,,,,,
"Monarch",238971,17343,50.75076,-6.37417,3,03/09/2025 23:01:16,Argos,0,619,NP,,401677856.37,03/09/2025 23:08:19,1,9,0,-130,401677856.37,-6.37417,50.75076,-6.37417,50.75076,58,3,164,226,118,91,257,42,76,128,238,238,238,238,238,238,238,238,238,238,238,238,121,76,96,238,238,227,17,57,55,119,119,199,191,18,69,36,
"Monarch",238971,17343,50.75157,-6.37268,3,03/09/2025 23:14:43,Argos,0,453,NN,,401677856.13,03/09/2025 23:12:51,1,10,0,-127,401677856.13,-6.37268,50.75157,-6.37268,50.75157,56,3,130,260,65,79,151,28,224,132,157,181,67,57,50,126,162,142,176,242,209,111,98,44,37,206,,,,,,,,,,,,,
"Monarch",238971,17343,50.75157,-6.37268,3,03/09/2025 23:14:43,Argos,0,453,NN,,401677856.13,03/09/2025 23:13:36,1,10,0,-127,401677856.13,-6.37268,50.75157,-6.37268,50.75157,56,3,130,260,65,79,151,24,145,46,4,202,144,0,15,130,2,2,127,0,0,124,16,16,19,248,,,,,,,,,,,,,
"Monarch",238971,17343,50.75157,-6.37268,3,03/09/2025 23:14:43,Argos,0,453,NN,,401677856.13,03/09/2025 23:14:21,1,10,0,-127,401677856.13,-6.37268,50.75157,-6.37268,50.75157,56,3,130,260,65,79,151,4,145,38,68,202,177,16,51,156,215,221,144,125,251,193,231,247,236,3,,,,,,,,,,,,,
"Monarch",238971,17343,50.75157,-6.37268,3,03/09/2025 23:14:43,Argos,0,453,NN,,401677856.13,03/09/2025 23:15:06,1,10,0,-127,401677856.13,-6.37268,50.75157,-6.37268,50.75157,56,3,130,260,65,79,151,8,145,62,68,202,208,18,21,104,165,27,180,142,47,146,74,172,50,13,,,,,,,,,,,,,
"Monarch",238971,17343,50.75157,-6.37268,3,03/09/2025 23:14:43,Argos,0,453,NN,,401677856.13,03/09/2025 23:15:51,1,10,0,-127,401677856.13,-6.37268,50.75157,-6.37268,50.75157,56,3,130,260,65,79,151,20,145,54,4,202,242,10,138,73,21,19,110,133,184,55,228,218,236,207,,,,,,,,,,,,,
"Monarch",238971,17343,50.75157,-6.37268,3,03/09/2025 23:14:43,Argos,0,453,NN,,401677856.13,03/09/2025 23:16:37,1,10,0,-127,401677856.13,-6.37268,50.75157,-6.37268,50.75157,56,3,130,260,65,79,151,16,145,62,4,203,16,0,15,130,18,2,127,32,4,124,16,16,19,248,,,,,,,,,,,,,
"Monarch",238971,17343,50.75157,-6.37268,3,03/09/2025 23:14:43,Argos,0,453,NN,,401677856.13,03/09/2025 23:17:22,1,10,0,-127,401677856.13,-6.37268,50.75157,-6.37268,50.75157,56,3,130,260,65,79,151,12,145,54,68,203,48,0,15,130,2,2,127,0,0,124,16,16,19,248,,,,,,,,,,,,,
"Monarch",238971,17343,50.75157,-6.37268,3,03/09/2025 23:14:43,Argos,0,453,NN,,401677856.13,03/09/2025 23:18:53,1,10,0,-127,401677856.13,-6.37268,50.75157,-6.37268,50.75157,56,3,130,260,65,79,151,28,145,38,4,203,112,0,15,130,2,2,127,0,0,124,16,16,19,248,,,,,,,,,,,,,
"Monarch",238971,17343,50.7501,-6.37226,3,03/09/2025 23:23:16,Argos,0,683,O3,,401677856.99,03/09/2025 23:18:53,1,10,0,-123,401677856.99,-6.37226,50.7501,-6.37226,50.7501,56,3,112,338,36,71,181,28,145,38,4,203,112,0,15,130,2,2,127,0,0,124,16,16,19,248,,,,,,,,,,,,,
"Monarch",238971,17343,50.75157,-6.37268,3,03/09/2025 23:14:43,Argos,0,453,NN,,401677856.13,03/09/2025 23:19:39,1,10,0,-127,401677856.13,-6.37268,50.75157,-6.37268,50.75157,56,3,130,260,65,79,151,16,209,47,196,204,16,0,15,130,2,2,127,0,2,124,16,16,19,248,,,,,,,,,,,,,
"Monarch",238971,17343,50.7501,-6.37226,3,03/09/2025 23:23:16,Argos,0,683,O3,,401677856.99,03/09/2025 23:19:39,1,10,0,-123,401677856.99,-6.37226,50.7501,-6.37226,50.7501,56,3,112,338,36,71,181,16,209,47,196,204,16,0,15,130,2,2,127,0,0,124,16,16,19,248,,,,,,,,,,,,,
"Monarch",238971,17343,50.75157,-6.37268,3,03/09/2025 23:14:43,Argos,0,453,NN,,401677856.13,03/09/2025 23:20:24,1,10,0,-127,401677856.13,-6.37268,50.75157,-6.37268,50.75157,56,3,130,260,65,79,151,12,209,39,132,204,48,0,15,130,2,2,127,0,0,124,16,16,19,248,,,,,,,,,,,,,
"Monarch",238971,17343,50.7501,-6.37226,3,03/09/2025 23:23:16,Argos,0,683,O3,,401677856.99,03/09/2025 23:20:24,1,10,0,-123,401677856.99,-6.37226,50.7501,-6.37226,50.7501,56,3,112,338,36,71,181,12,209,39,132,204,48,0,15,130,2,2,127,0,0,124,16,16,19,248,,,,,,,,,,,,,
"Monarch",238971,17343,50.7501,-6.37226,3,03/09/2025 23:23:16,Argos,0,683,O3,,401677856.99,03/09/2025 23:21:10,1,10,0,-123,401677856.99,-6.37226,50.7501,-6.37226,50.7501,56,3,112,338,36,71,181,0,209,63,132,204,80,0,15,130,2,2,127,0,0,124,16,16,19,248,,,,,,,,,,,,,
"Monarch",238971,17343,50.7501,-6.37226,3,03/09/2025 23:23:16,Argos,0,683,O3,,401677856.99,03/09/2025 23:22:42,1,10,0,-123,401677856.99,-6.37226,50.7501,-6.37226,50.7501,56,3,112,338,36,71,181,24,209,15,132,204,144,0,15,130,2,2,127,0,0,124,16,16,19,248,,,,,,,,,,,,,
"Monarch",238971,17343,50.7501,-6.37226,3,03/09/2025 23:23:16,Argos,0,683,O3,,401677856.99,03/09/2025 23:24:58,1,10,0,-123,401677856.99,-6.37226,50.7501,-6.37226,50.7501,56,3,112,338,36,71,181,8,145,19,244,181,80,0,15,130,2,2,255,0,128,124,16,16,19,248,,,,,,,,,,,,,
"Monarch",238971,17343,50.7501,-6.37226,3,03/09/2025 23:23:16,Argos,0,683,O3,,401677856.99,03/09/2025 23:25:44,1,10,0,-123,401677856.99,-6.37226,50.7501,-6.37226,50.7501,56,3,112,338,36,71,181,40,75,64,238,238,238,238,232,161,238,142,127,144,46,246,15,120,40,233,133,31,76,191,35,140,97,95,26,70,31,130,
"Monarch",238971,17343,50.7501,-6.37226,3,03/09/2025 23:23:16,Argos,0,683,O3,,401677856.99,03/09/2025 23:26:29,1,10,0,-123,401677856.99,-6.37226,50.7501,-6.37226,50.7501,56,3,112,338,36,71,181,24,145,25,132,181,112,0,15,130,2,2,127,15,0,124,58,57,61,143,,,,,,,,,,,,,
"Monarch",238971,17343,50.7501,-6.37226,3,03/09/2025 23:23:16,Argos,0,683,O3,,401677856.99,03/09/2025 23:29:31,1,10,0,-123,401677856.99,-6.37226,50.7501,-6.37226,50.7501,56,3,112,338,36,71,181,4,177,0,253,129,172,44,40,30,120,223,126,1,228,93,23,14,222,30,,,,,,,,,,,,,
"Monarch",238971,17343,50.7501,-6.37226,3,03/09/2025 23:23:16,Argos,0,683,O3,,401677856.99,03/09/2025 23:30:16,1,10,0,-123,401677856.99,-6.37226,50.7501,-6.37226,50.7501,56,3,112,338,36,71,181,24,177,9,68,178,112,0,15,130,2,2,127,0,0,124,49,157,171,175,,,,,,,,,,,,,
"Monarch",238971,17343,50.76792,-6.41949,B,03/10/2025 06:27:03,Argos,0,46,CS,,401677858.23,03/10/2025 06:26:40,1,2,0,-121,401677858.23,-6.41949,50.76792,-6.41949,50.76792,8,3,2461,78725,76,105,5046,20,17,17,196,212,48,0,15,130,2,2,126,0,0,124,16,16,19,248,,,,,,,,,,,,,
"Monarch",238971,17343,50.7323,-6.44073,B,03/10/2025 06:27:27,Argos,0,0,SR,,401677854.95,03/10/2025 06:27:27,1,1,0,-127,401677854.95,-6.44073,50.7323,-6.44073,50.7323,8,3,3649,6301,2113,74,7063,24,49,26,132,185,112,0,15,130,2,2,127,0,0,124,16,16,19,248,,,,,,,,,,,,,
"Monarch",238971,17343,50.76792,-6.41949,B,03/10/2025 06:27:03,Argos,0,46,CS,,401677858.23,03/10/2025 06:27:27,1,2,0,-121,401677858.23,-6.41949,50.76792,-6.41949,50.76792,8,3,2461,78725,76,105,5046,24,49,26,132,185,112,0,15,130,2,2,127,0,0,124,16,16,19,248,,,,,,,,,,,,,
"Monarch",238971,17343,50.74206,-6.44012,A,03/10/2025 09:41:13,Argos,0,563,NK,,401677857.11,03/10/2025 09:31:50,1,3,0,-128,401677857.11,-6.44012,50.74206,-6.44012,50.74206,8,3,249,546,113,163,690,20,49,2,132,185,16,0,15,130,2,2,127,0,0,124,16,16,19,248,,,,,,,,,,,,,
"Monarch",238971,17343,50.74206,-6.44012,A,03/10/2025 09:41:13,Argos,0,563,NK,,401677857.11,03/10/2025 09:33:21,1,3,0,-128,401677857.11,-6.44012,50.74206,-6.44012,50.74206,8,3,249,546,113,163,690,8,49,10,196,185,48,0,15,130,2,66,204,245,159,109,205,72,34,202,,,,,,,,,,,,,
"Monarch",238971,17343,50.74415,-6.41203,B,03/10/2025 09:41:13,Argos,0,0,NK,,401677856.2,03/10/2025 09:41:13,1,1,0,-137,401677856.2,-6.41203,50.74415,-6.41203,50.74415,8,3,3599,9301,1392,69,10180,42,75,128,238,238,238,238,238,238,235,234,238,238,238,110,140,170,12,139,106,103,91,43,119,104,154,181,193,119,131,252,
"Monarch",238971,17343,50.73916,-6.43115,B,03/10/2025 09:41:13,Argos,0,0,NP,,401677856.84,03/10/2025 09:41:13,1,1,0,-127,401677856.84,-6.43115,50.73916,-6.43115,50.73916,0,3,2651,4547,1545,75,7497,42,75,128,230,238,238,238,238,238,234,190,231,168,168,131,174,100,47,133,132,149,187,76,163,219,188,35,215,71,147,248,
"Monarch",238971,17343,50.74175,-6.43888,B,03/10/2025 10:42:34,Argos,0,0,MC,,401677857.4,03/10/2025 10:42:34,1,1,0,-124,401677857.4,-6.43888,50.74175,-6.43888,50.74175,8,3,2124,7096,635,92,6006,24,49,45,,,,,,,,,,,,,,,,,,,,,,,,,,,,,
"Monarch",238971,17343,50.74139,-6.45143,B,03/10/2025 13:09:55,Argos,0,46,NN,,401677856.34,03/10/2025 13:09:32,1,2,0,-124,401677856.34,-6.45143,50.74139,-6.45143,50.74139,8,2,2018,19136,212,104,5706,5,145,1,196,212,176,0,15,130,2,2,127,0,0,124,16,16,19,248,,,,,,,,,,,,,
"Monarch",238971,17343,50.74139,-6.45143,B,03/10/2025 13:09:55,Argos,0,46,NN,,401677856.34,03/10/2025 13:10:19,1,2,0,-124,401677856.34,-6.45143,50.74139,-6.45143,50.74139,8,2,2018,19136,212,104,5706,137,169,164,46,250,3,8,56,213,211,63,142,147,70,145,203,46,9,233,169,165,36,0,,,,,,,,,
"Monarch",238971,17343,50.73418,-6.49015,1,03/10/2025 20:14:41,Argos,0,432,SR,,401677855.23,03/10/2025 20:13:02,1,5,0,-126,401677855.23,-6.49015,50.73418,-6.49015,50.73418,58,3,537,971,297,109,267,20,177,22,132,200,240,0,15,130,2,2,125,38,174,11,236,106,245,187,,,,,,,,,,,,,
"Monarch",238971,17343,50.73979,-6.49679,1,03/10/2025 20:14:41,Argos,0,0,SR,,401677855.56,03/10/2025 20:14:42,1,1,0,-132,401677855.56,-6.49679,50.73979,-6.49679,50.73979,58,3,757,2114,271,124,438,12,177,22,196,201,48,0,234,248,251,72,251,45,157,159,41,41,248,175,,,,,,,,,,,,,
"Monarch",238971,17343,50.73979,-6.49679,1,03/10/2025 20:14:41,Argos,0,0,SR,,401677855.56,03/10/2025 20:15:32,1,1,0,-132,401677855.56,-6.49679,50.73979,-6.49679,50.73979,58,3,757,2114,271,124,438,0,17,70,68,203,83,131,225,246,230,79,241,33,231,134,68,245,168,234,,,,,,,,,,,,,
"Monarch",238971,17343,50.73979,-6.49679,1,03/10/2025 20:14:41,Argos,0,0,SR,,401677855.56,03/10/2025 20:16:22,1,1,0,-132,401677855.56,-6.49679,50.73979,-6.49679,50.73979,58,3,757,2114,271,124,438,42,76,128,238,238,238,238,238,238,238,238,238,238,238,238,121,76,96,238,238,238,238,238,238,238,238,250,144,184,7,177,
"Monarch",238971,17343,50.73979,-6.49679,1,03/10/2025 20:14:41,Argos,0,0,SR,,401677855.56,03/10/2025 20:20:14,1,1,0,-132,401677855.56,-6.49679,50.73979,-6.49679,50.73979,58,3,757,2114,271,124,438,0,145,30,4,202,80,0,15,130,2,2,119,54,180,237,103,178,240,93,,,,,,,,,,,,,
"Monarch",238971,17343,50.73974,-6.49672,B,03/10/2025 20:26:22,Argos,0,0,MC,,401677857.18,03/10/2025 20:26:22,1,1,0,-124,401677857.18,-6.49672,50.73974,-6.49672,50.73974,6,3,1695,2669,1076,94,1389,0,145,46,70,203,80,0,15,130,2,2,127,0,0,124,16,16,19,248,,,,,,,,,,,,,
"Monarch",238971,17343,50.73937,-6.50538,B,03/10/2025 21:25:05,Argos,0,0,NN,,401677857.02,03/10/2025 21:25:05,1,1,0,-124,401677857.02,-6.50538,50.73937,-6.50538,50.73937,8,3,4499,6785,2982,87,3177,8,145,17,196,213,48,0,15,130,2,2,127,0,0,124,16,16,19,152,,,,,,,,,,,,,
"Monarch",238971,17343,50.73939,-6.5376,B,03/11/2025 01:57:16,Argos,0,0,O3,,401677858.94,03/11/2025 01:57:17,1,1,0,-136,401677858.94,-6.5376,50.73939,-6.5376,50.73939,8,3,8199,15182,4427,97,6474,28,17,41,132,213,80,0,15,130,2,2,121,0,0,124,16,0,19,112,,,,,,,,,,,,,
"Monarch",238971,17343,50.7409,-6.54736,B,03/11/2025 05:50:21,Argos,0,0,CS,,401677853.68,03/11/2025 05:50:21,1,1,0,-133,401677853.68,-6.54736,50.7409,-6.54736,50.7409,8,3,3110,6316,1531,98,8797,20,145,54,4,194,240,0,15,162,2,79,217,17,19,118,158,7,189,253,,,,,,,,,,,,,
"Monarch",238971,17343,50.76032,-6.50471,A,03/11/2025 05:59:43,Argos,0,408,SR,,401677854.9,03/11/2025 05:56:21,1,3,0,-122,401677854.9,-6.50471,50.76032,-6.50471,50.76032,8,3,121,364,40,90,313,10,129,73,61,221,17,0,119,154,163,128,171,119,57,71,125,7,222,187,,,,,,,,,,,,,
"Monarch",238971,17343,50.76032,-6.50471,A,03/11/2025 05:59:43,Argos,0,408,SR,,401677854.9,03/11/2025 05:59:40,1,3,0,-122,401677854.9,-6.50471,50.76032,-6.50471,50.76032,8,3,121,364,40,90,313,24,209,15,132,204,144,0,15,130,2,2,127,0,0,108,194,238,150,30,,,,,,,,,,,,,
"Monarch",238971,17343,50.76032,-6.50471,A,03/11/2025 05:59:43,Argos,0,408,SR,,401677854.9,03/11/2025 06:03:09,1,3,0,-122,401677854.9,-6.50471,50.76032,-6.50471,50.76032,8,3,121,364,40,90,313,9,241,48,68,211,48,0,15,130,2,2,123,0,0,124,16,16,19,192,,,,,,,,,,,,,
"Monarch",238971,17343,50.75388,-6.52873,0,03/11/2025 07:26:50,Argos,0,190,CS,,401677856.03,03/11/2025 07:25:47,1,4,0,-134,401677856.03,-6.52873,50.75388,-6.52873,50.75388,58,3,2837,31907,252,97,2185,233,172,131,194,120,70,130,233,124,109,73,207,245,143,226,76,55,123,95,64,9,55,96,131,149,54,13,255,228,97,54,
"Monarch",238971,17343,50.75388,-6.52873,0,03/11/2025 07:26:50,Argos,0,190,CS,,401677856.03,03/11/2025 07:26:32,1,4,0,-134,401677856.03,-6.52873,50.75388,-6.52873,50.75388,58,3,2837,31907,252,97,2185,12,177,22,196,201,48,0,15,130,2,2,127,0,0,124,16,16,19,248,,,,,,,,,,,,,
"Monarch",238971,17343,50.75388,-6.52873,0,03/11/2025 07:26:50,Argos,0,190,CS,,401677856.03,03/11/2025 07:28:12,1,4,0,-134,401677856.03,-6.52873,50.75388,-6.52873,50.75388,58,3,2837,31907,252,97,2185,42,76,128,238,238,110,236,238,238,238,239,238,238,110,254,125,76,96,238,237,210,128,250,207,140,199,23,66,51,236,109,
"Monarch",238971,17343,50.75456,-6.54361,3,03/11/2025 07:29:37,Argos,0,363,NK,,401677857.62,03/11/2025 07:28:12,1,6,0,-121,401677857.62,-6.54361,50.75456,-6.54361,50.75456,56,3,94,229,38,74,226,42,204,128,236,238,238,230,102,238,238,230,238,206,238,238,123,76,96,110,207,232,73,211,46,138,2,31,226,44,32,211,
"Monarch",238971,17343,50.75388,-6.52873,0,03/11/2025 07:26:50,Argos,0,190,CS,,401677856.03,03/11/2025 07:28:57,1,4,0,-134,401677856.03,-6.52873,50.75388,-6.52873,50.75388,58,3,2837,31907,252,97,2185,28,177,6,132,201,112,0,15,146,66,2,127,4,4,102,84,16,51,125,,,,,,,,,,,,,
"Monarch",238971,17343,50.75456,-6.54361,3,03/11/2025 07:29:37,Argos,0,363,NK,,401677857.62,03/11/2025 07:28:57,1,6,0,-121,401677857.62,-6.54361,50.75456,-6.54361,50.75456,56,3,94,229,38,74,226,156,177,6,132,205,121,0,67,130,16,11,61,1,36,212,17,22,19,240,,,,,,,,,,,,,
"Monarch",238971,17343,50.75456,-6.54361,3,03/11/2025 07:29:37,Argos,0,363,NK,,401677857.62,03/11/2025 07:30:18,1,6,0,-121,401677857.62,-6.54361,50.75456,-6.54361,50.75456,56,3,94,229,38,74,226,16,145,14,68,202,16,0,15,130,2,2,127,0,0,124,16,16,19,248,,,,,,,,,,,,,
"Monarch",238971,17343,50.75456,-6.54361,3,03/11/2025 07:29:37,Argos,0,363,NK,,401677857.62,03/11/2025 07:31:49,1,6,0,-121,401677857.62,-6.54361,50.75456,-6.54361,50.75456,56,3,94,229,38,74,226,12,145,6,6,202,54,198,241,132,42,56,142,39,30,248,130,135,166,139,,,,,,,,,,,,,
"Monarch",238971,17343,50.75456,-6.54361,3,03/11/2025 07:29:37,Argos,0,363,NK,,401677857.62,03/11/2025 07:32:37,1,6,0,-121,401677857.62,-6.54361,50.75456,-6.54361,50.75456,56,3,94,229,38,74,226,0,145,30,4,202,80,0,15,130,2,2,127,0,0,124,16,17,146,40,,,,,,,,,,,,,
"Monarch",238971,17343,50.75456,-6.54361,3,03/11/2025 07:29:37,Argos,0,363,NK,,401677857.62,03/11/2025 07:33:27,1,6,0,-121,401677857.62,-6.54361,50.75456,-6.54361,50.75456,56,3,94,229,38,74,226,28,145,22,68,202,112,0,15,130,2,2,127,0,16,124,20,60,22,229,,,,,,,,,,,,,
"Monarch",238971,17343,50.75456,-6.54361,3,03/11/2025 07:29:37,Argos,0,363,NK,,401677857.62,03/11/2025 07:34:15,1,6,0,-121,401677857.62,-6.54361,50.75456,-6.54361,50.75456,56,3,94,229,38,74,226,24,145,46,4,202,144,0,15,130,2,130,127,0,0,124,16,16,17,248,,,,,,,,,,,,,
"Monarch",238971,17343,50.75527,-6.54563,A,03/11/2025 07:37:27,Argos,0,175,SR,,401677855.88,03/11/2025 07:35:47,1,3,0,-133,401677855.88,-6.54563,50.75527,-6.54563,50.75527,6,3,324,641,163,120,853,8,145,62,68,202,208,0,15,130,2,2,127,0,0,124,16,16,19,248,,,,,,,,,,,,,
"Monarch",238971,17343,50.75456,-6.54361,3,03/11/2025 07:29:37,Argos,0,363,NK,,401677857.62,03/11/2025 07:35:47,1,6,0,-121,401677857.62,-6.54361,50.75456,-6.54361,50.75456,56,3,94,229,38,74,226,8,145,62,68,202,208,0,15,130,34,2,127,0,0,124,0,16,19,248,,,,,,,,,,,,,
"Monarch",238971,17343,50.75527,-6.54563,A,03/11/2025 07:37:27,Argos,0,175,SR,,401677855.88,03/11/2025 07:37:53,1,3,0,-133,401677855.88,-6.54563,50.75527,-6.54563,50.75527,6,3,324,641,163,120,853,16,145,62,4,203,16,0,39,130,2,2,127,0,0,124,16,16,19,248,,,,,,,,,,,,,
"Monarch",238971,17343,50.75527,-6.54563,A,03/11/2025 07:37:27,Argos,0,175,SR,,401677855.88,03/11/2025 07:38:42,1,3,0,-133,401677855.88,-6.54563,50.75527,-6.54563,50.75527,6,3,324,641,163,120,853,12,145,54,68,203,48,4,6,165,253,203,92,113,51,209,243,152,89,83,,,,,,,,,,,,,
"Monarch",238971,17343,50.75332,-6.57052,B,03/11/2025 09:01:36,Argos,0,0,CS,,401677865.25,03/11/2025 09:01:37,1,1,0,-136,401677865.25,-6.57052,50.75332,,,8,3,2327,4003,1352,104,3958,78,112,180,165,168,197,68,142,245,164,155,20,21,16,95,5,93,164,21,191,2,1,0,2,184,51,255,192,79,0,0,
"Monarch",238971,17343,50.75284,-6.56327,B,03/11/2025 09:30:31,Argos,0,0,NP,,401677863.77,03/11/2025 09:30:31,1,1,0,-136,401677863.77,-6.56327,50.75284,,,6,3,1977,3670,1064,99,4754,0,49,45,68,199,80,0,15,130,30,223,192,61,215,62,4,217,50,241,,,,,,,,,,,,,
"Monarch",238971,17343,50.73952,-6.57258,B,03/11/2025 10:20:35,Argos,0,336,MC,,401677866.55,03/11/2025 10:20:35,1,2,0,-120,401677866.55,-6.57258,50.73952,-6.57258,50.73952,8,3,1408,67014,29,86,3983,42,77,65,14,0,238,0,17,30,224,14,238,238,16,14,56,77,32,236,42,210,230,68,149,91,95,102,78,81,226,137,
"Monarch",238971,17343,50.73952,-6.57258,B,03/11/2025 10:20:35,Argos,0,336,MC,,401677866.55,03/11/2025 10:26:11,1,2,0,-120,401677866.55,-6.57258,50.73952,-6.57258,50.73952,8,3,1408,67014,29,86,3983,10,56,12,28,133,119,139,204,163,123,225,22,60,62,47,216,134,134,228,,,,,,,,,,,,,
"Monarch",238971,17343,50.72106,-6.60213,B,03/11/2025 14:38:06,Argos,0,0,NN,,401677859.57,03/11/2025 14:38:06,1,1,0,-137,401677859.57,-6.60213,50.72106,-6.60213,50.72106,8,3,2349,4681,1178,95,6644,139,50,176,25,57,92,41,49,156,157,179,152,159,125,71,38,16,162,209,32,212,210,131,,,,,,,,,
"Monarch",238971,17343,50.73458,-6.59312,B,03/11/2025 18:54:43,Argos,0,0,NK,,401677865.41,03/11/2025 18:54:43,1,1,0,-126,401677865.41,-6.59312,50.73458,-6.59312,50.73458,8,3,2652,14706,478,85,7501,9,81,5,36,244,240,2,15,210,2,2,90,0,0,124,16,16,19,216,,,,,,,,,,,,,
"Monarch",238971,17343,50.7335,-6.62202,B,03/11/2025 19:45:23,Argos,0,0,SR,,401677855.48,03/11/2025 19:45:23,1,1,0,-130,401677855.48,-6.62202,50.7335,-6.62202,50.7335,8,2,3103,23281,413,84,8777,137,174,96,92,13,187,120,218,98,21,118,203,34,25,239,52,171,119,233,174,118,174,0,,,,,,,,,
"Monarch",238971,17343,50.7319,-6.63646,B,03/11/2025 21:45:16,Argos,0,0,MC,,401677855.79,03/11/2025 21:45:17,1,1,0,-124,401677855.79,-6.63646,50.7319,-6.63646,50.7319,8,3,3422,15171,771,84,9679,15,17,17,68,212,107,127,100,94,213,195,111,215,194,72,47,113,56,234,,,,,,,,,,,,,
"Monarch",238971,17343,50.72387,-6.70514,B,03/12/2025 05:22:21,Argos,0,0,SR,,401677854.94,03/12/2025 05:22:22,1,1,0,-132,401677854.94,-6.70514,50.72387,-6.70514,50.72387,8,3,4044,8925,1832,87,11440,27,209,57,4,214,80,17,71,131,176,137,48,219,36,28,247,197,142,155,,,,,,,,,,,,,
"Monarch",238971,17343,50.62405,-6.92435,B,03/13/2025 00:26:12,Argos,0,0,O3,,401677849.64,03/13/2025 00:26:13,1,1,0,-124,401677849.64,-6.92435,50.62405,-6.92435,50.62405,0,3,4927,27622,878,97,13937,14,209,50,196,217,48,0,15,130,2,2,125,0,0,116,17,16,31,13,,,,,,,,,,,,,
"Monarch",238971,17343,50.60257,-6.80964,B,03/13/2025 06:37:12,Argos,0,0,SR,,401677867.31,03/13/2025 06:37:13,1,1,0,-131,401677867.31,-6.80964,50.60257,-6.80964,50.60257,8,3,6119,25022,1496,99,17309,42,77,128,0,0,0,0,0,0,0,0,0,27,103,187,102,32,254,97,39,129,11,46,146,125,238,140,233,67,33,242,
"Monarch",238971,17343,50.56881,-6.8149,B,03/13/2025 11:23:24,Argos,0,0,MC,,401677878.01,03/13/2025 11:23:24,1,1,0,-120,401677878.01,-6.8149,50.56881,-6.8149,50.56881,8,3,6089,34164,1085,96,17225,2,245,58,5,218,80,0,15,143,194,225,100,122,125,127,21,86,226,247,,,,,,,,,,,,,
"Monarch",238971,17343,50.5245,-6.79756,B,03/13/2025 18:00:10,Argos,0,0,NK,,401677868.81,03/13/2025 18:00:11,1,1,0,-121,401677868.81,-6.79756,50.5245,-6.79756,50.5245,8,3,5762,34306,967,89,16298,137,181,122,100,145,100,237,79,122,233,44,206,57,121,57,176,253,128,137,182,0,20,8,,,,,,,,,
