DeployID,Ptt,Instr,Date,Type,Quality,Latitude,Longitude,Error Radius,Error Semi-Major Axis,Error Semi-Minor Axis,Error Ellipse Orientation,Offset,Offset Orientation,GPE MSD,GPE U,Count,Comment
Leaf Cutter,225759,UT,11:08:27 31-Mar-2025,User,,50.0916,-5.2020,,,,,,,,,,
Leaf Cutter,225759,UT,11:08:26.906000 31-Mar-2025,FastGPS,4,50.1109,-5.4434,,,,,,,,,,
Leaf Cutter,225759,UT,15:30:56.556000 31-Mar-2025,FastGPS,7,50.1120,-5.4442,,,,,,,,,,
Leaf Cutter,225759,UT,19:07:49 31-Mar-2025,Argos,A,50.8464,-9.5331,,,,,,,,,,
Leaf Cutter,225759,UT,21:46:15 31-Mar-2025,Argos,B,50.1149,-5.4351,1446,3864,540,83,,,,,,
Leaf Cutter,225759,UT,00:47:31 01-Apr-2025,Argos,B,50.1112,-5.4474,1440,20765,99,29,,,,,,
Leaf Cutter,225759,UT,04:14:48.699900 01-Apr-2025,FastGPS,4,50.0888,-5.4095,,,,,,,,,,
Leaf Cutter,225759,UT,06:09:06 01-Apr-2025,Argos,B,50.0855,-5.4613,1595,36253,70,86,,,,,,
Leaf Cutter,225759,UT,06:30:43 01-Apr-2025,Argos,B,50.0886,-5.4376,705,10928,45,111,,,,,,
Leaf Cutter,225759,UT,08:24:11 01-Apr-2025,Argos,B,50.1105,-5.4349,1220,55524,26,99,,,,,,
Leaf Cutter,225759,UT,10:20:59.909404 01-Apr-2025,FastGPS,5,50.0901,-5.4406,,,,,,,,,,
Leaf Cutter,225759,UT,10:35:17 01-Apr-2025,Argos,B,50.0950,-5.4621,1543,82929,28,110,,,,,,
Leaf Cutter,225759,UT,11:23:49 01-Apr-2025,Argos,B,50.0919,-5.4562,1619,4733,553,109,,,,,,
Leaf Cutter,225759,UT,12:50:48 01-Apr-2025,Argos,B,50.0908,-5.4575,2051,4272,984,104,,,,,,
Leaf Cutter,225759,UT,15:53:58 01-Apr-2025,Argos,B,50.0866,-5.4551,2663,4450,1593,98,,,,,,
Leaf Cutter,225759,UT,17:14:23.032763 01-Apr-2025,FastGPS,4,50.0935,-5.3891,,,,,,,,,,
Leaf Cutter,225759,UT,17:28:09 01-Apr-2025,Argos,A,50.0931,-5.3798,109,357,33,85,,,,,,
Leaf Cutter,225759,UT,18:32:28 01-Apr-2025,Argos,A,50.0773,-5.3656,150,698,32,107,,,,,,
Leaf Cutter,225759,UT,19:33:52.016002 01-Apr-2025,FastGPS,6,50.0799,-5.3562,,,,,,,,,,
Leaf Cutter,225759,UT,19:45:47 01-Apr-2025,Argos,B,50.0756,-5.3507,1077,2047,566,86,,,,,,
Leaf Cutter,225759,UT,20:16:53 01-Apr-2025,Argos,B,50.0775,-5.3508,815,9467,70,123,,,,,,
Leaf Cutter,225759,UT,20:18:44 01-Apr-2025,Argos,B,50.0785,-5.3521,819,4722,141,122,,,,,,
Leaf Cutter,225759,UT,21:32:07 01-Apr-2025,Argos,1,50.0748,-5.3956,507,2222,115,77,,,,,,
Leaf Cutter,225759,UT,21:38:46 01-Apr-2025,Argos,B,50.0746,-5.3967,1289,2254,737,86,,,,,,
Leaf Cutter,225759,UT,22:01:53 01-Apr-2025,Argos,B,50.0749,-5.3970,2179,3630,1308,87,,,,,,
Leaf Cutter,225759,UT,22:23:34 01-Apr-2025,Argos,B,50.0834,-5.4032,704,10648,46,79,,,,,,
Leaf Cutter,225759,UT,23:13:08 01-Apr-2025,Argos,2,50.1035,-5.4457,390,556,274,48,,,,,,
Leaf Cutter,225759,UT,23:19:50 01-Apr-2025,Argos,B,50.1052,-5.4471,448,1719,116,75,,,,,,
Leaf Cutter,225759,UT,00:01:34 02-Apr-2025,Argos,A,50.1010,-5.4711,142,854,23,88,,,,,,
Leaf Cutter,225759,UT,05:36:39 02-Apr-2025,Argos,B,50.1173,-5.5912,2495,3852,1615,90,,,,,,
Leaf Cutter,225759,UT,05:58:14 02-Apr-2025,Argos,B,50.1087,-5.5385,4309,31011,598,94,,,,,,
Leaf Cutter,225759,UT,06:31:14.908648 02-Apr-2025,FastGPS,4,50.1082,-5.4361,,,,,,,,,,
Leaf Cutter,225759,UT,07:37:11 02-Apr-2025,Argos,B,50.1134,-5.5709,4425,21841,896,94,,,,,,
Leaf Cutter,225759,UT,09:26:10 02-Apr-2025,Argos,B,50.0831,-5.4356,3126,112302,87,75,,,,,,
Leaf Cutter,225759,UT,09:31:53 02-Apr-2025,Argos,B,50.0861,-5.4249,534,2694,105,107,,,,,,
Leaf Cutter,225759,UT,09:52:48 02-Apr-2025,Argos,B,50.0943,-5.4244,536,5705,50,91,,,,,,
Leaf Cutter,225759,UT,09:57:35.178468 02-Apr-2025,FastGPS,4,50.0917,-5.4424,,,,,,,,,,
Leaf Cutter,225759,UT,10:00:00.599621 02-Apr-2025,FastGPS,4,50.0909,-5.4444,,,,,,,,,,
Leaf Cutter,225759,UT,10:09:52 02-Apr-2025,Argos,B,50.0940,-5.4242,779,1961,309,91,,,,,,
Leaf Cutter,225759,UT,11:03:01 02-Apr-2025,Argos,B,50.0756,-5.4461,11571,21096,6346,92,,,,,,
Leaf Cutter,225759,UT,11:14:27 02-Apr-2025,Argos,B,50.0761,-5.4468,9646,44228,2103,85,,,,,,
Leaf Cutter,225759,UT,11:27:48 02-Apr-2025,Argos,1,50.0697,-5.4671,636,2229,181,105,,,,,,
Leaf Cutter,225759,UT,11:36:30 02-Apr-2025,Argos,B,50.0805,-5.4724,1140,5548,234,80,,,,,,
Leaf Cutter,225759,UT,11:54:00 02-Apr-2025,Argos,B,50.0796,-5.4718,2051,3785,1111,87,,,,,,
Leaf Cutter,225759,UT,12:44:03 02-Apr-2025,Argos,B,50.0777,-5.4700,1643,2647,1020,90,,,,,,
Leaf Cutter,225759,UT,13:08:42 02-Apr-2025,Argos,B,50.0786,-5.4721,1355,2154,852,90,,,,,,
Leaf Cutter,225759,UT,13:15:17 02-Apr-2025,Argos,A,50.0367,-5.5084,139,195,98,106,,,,,,
Leaf Cutter,225759,UT,13:40:49.261307 02-Apr-2025,FastGPS,4,50.0319,-5.5166,,,,,,,,,,
Leaf Cutter,225759,UT,15:10:35 02-Apr-2025,Argos,B,50.0306,-5.4994,1388,2097,918,81,,,,,,
Leaf Cutter,225759,UT,16:43:47 02-Apr-2025,Argos,B,50.0326,-5.4978,1342,47493,37,78,,,,,,
Leaf Cutter,225759,UT,17:44:14 02-Apr-2025,Argos,B,50.0307,-5.4923,1613,4553,571,79,,,,,,
Leaf Cutter,225759,UT,18:04:28 02-Apr-2025,Argos,B,50.0251,-5.4729,1350,13951,130,73,,,,,,
Leaf Cutter,225759,UT,19:16:25 02-Apr-2025,Argos,B,50.0274,-5.4589,1674,4297,652,79,,,,,,
Leaf Cutter,225759,UT,21:00:26 02-Apr-2025,Argos,B,50.0322,-5.4264,1217,3585,413,173,,,,,,
Leaf Cutter,225759,UT,21:30:50 02-Apr-2025,Argos,B,50.0694,-5.4286,1176,15943,86,78,,,,,,
Leaf Cutter,225759,UT,22:02:16.394044 02-Apr-2025,FastGPS,5,50.0848,-5.4042,,,,,,,,,,
Leaf Cutter,225759,UT,23:02:22 02-Apr-2025,Argos,A,50.1028,-5.3835,758,4416,130,62,,,,,,
Leaf Cutter,225759,UT,23:09:02 02-Apr-2025,Argos,A,50.0932,-5.3907,144,253,81,119,,,,,,
Leaf Cutter,225759,UT,23:14:45 02-Apr-2025,Argos,B,50.0894,-5.3795,326,1121,94,36,,,,,,
Leaf Cutter,225759,UT,00:52:38 03-Apr-2025,Argos,B,50.1204,-5.3522,1312,2175,791,81,,,,,,
Leaf Cutter,225759,UT,00:52:38 03-Apr-2025,Argos,B,50.1195,-5.3607,1347,2131,851,90,,,,,,
Leaf Cutter,225759,UT,05:30:01 03-Apr-2025,Argos,B,50.2026,-5.3053,2829,3989,2006,77,,,,,,
Leaf Cutter,225759,UT,06:30:13.006838 03-Apr-2025,FastGPS,5,50.0738,-5.5010,,,,,,,,,,
Leaf Cutter,225759,UT,06:30:31 03-Apr-2025,Argos,B,50.1319,-5.3463,4111,9012,1875,56,,,,,,
Leaf Cutter,225759,UT,08:00:32.052656 03-Apr-2025,FastGPS,8,50.1045,-5.5076,,,,,,,,,,
Leaf Cutter,225759,UT,09:00:17.906896 03-Apr-2025,FastGPS,4,50.1217,-5.5200,,,,,,,,,,
Leaf Cutter,225759,UT,09:49:07 03-Apr-2025,Argos,B,50.1498,-5.3289,4270,7768,2346,63,,,,,,
Leaf Cutter,225759,UT,10:05:22.195826 03-Apr-2025,FastGPS,6,50.0962,-5.4885,,,,,,,,,,
Leaf Cutter,225759,UT,10:39:53 03-Apr-2025,Argos,B,50.1533,-5.3368,4479,8232,2437,61,,,,,,
Leaf Cutter,225759,UT,10:43:11 03-Apr-2025,Argos,B,50.0741,-5.4309,7703,86524,685,112,,,,,,
Leaf Cutter,225759,UT,11:15:43 03-Apr-2025,Argos,B,50.0735,-5.4633,2245,51393,98,83,,,,,,
Leaf Cutter,225759,UT,11:27:55 03-Apr-2025,Argos,B,50.0732,-5.4645,498,3462,71,108,,,,,,
Leaf Cutter,225759,UT,11:35:48 03-Apr-2025,Argos,B,50.0699,-5.4731,1049,3444,319,83,,,,,,
Leaf Cutter,225759,UT,12:21:09 03-Apr-2025,Argos,A,50.0496,-5.4640,187,305,114,87,,,,,,
Leaf Cutter,225759,UT,12:58:25 03-Apr-2025,Argos,B,50.0383,-5.4799,1064,1658,682,90,,,,,,
Leaf Cutter,225759,UT,12:58:25 03-Apr-2025,Argos,B,50.0408,-5.4767,951,1539,587,77,,,,,,
Leaf Cutter,225759,UT,13:06:18 03-Apr-2025,Argos,B,50.0410,-5.4766,1012,1646,621,80,,,,,,
Leaf Cutter,225759,UT,14:34:29 03-Apr-2025,Argos,B,50.0597,-5.4484,1301,18034,93,121,,,,,,
Leaf Cutter,225759,UT,14:43:46 03-Apr-2025,Argos,B,50.0587,-5.4452,1307,4953,344,120,,,,,,
Leaf Cutter,225759,UT,15:01:52.351354 03-Apr-2025,FastGPS,8,50.0664,-5.4255,,,,,,,,,,
Leaf Cutter,225759,UT,16:00:56 03-Apr-2025,Argos,B,50.0472,-5.4592,1917,3532,1040,110,,,,,,
Leaf Cutter,225759,UT,17:45:00 03-Apr-2025,Argos,B,50.0590,-5.4139,1060,3957,283,15,,,,,,
Leaf Cutter,225759,UT,18:41:35.227801 03-Apr-2025,FastGPS,4,50.0818,-5.3720,,,,,,,,,,
Leaf Cutter,225759,UT,19:10:21 03-Apr-2025,Argos,B,50.0957,-5.3904,1166,26901,50,113,,,,,,
Leaf Cutter,225759,UT,19:44:35 03-Apr-2025,Argos,B,50.0957,-5.3808,1165,2697,502,108,,,,,,
Leaf Cutter,225759,UT,20:51:46 03-Apr-2025,Argos,B,50.0877,-5.3668,1507,3059,742,97,,,,,,
Leaf Cutter,225759,UT,20:55:33.295659 03-Apr-2025,FastGPS,4,50.0751,-5.3528,,,,,,,,,,
Leaf Cutter,225759,UT,21:03:23.389352 03-Apr-2025,FastGPS,4,50.0733,-5.3557,,,,,,,,,,
Leaf Cutter,225759,UT,21:10:59 03-Apr-2025,Argos,B,50.0771,-5.3545,1059,12446,90,68,,,,,,
Leaf Cutter,225759,UT,21:14:59 03-Apr-2025,Argos,B,50.0810,-5.3672,1532,3745,626,92,,,,,,
Leaf Cutter,225759,UT,21:17:52 03-Apr-2025,Argos,B,50.0798,-5.3671,1522,3921,590,92,,,,,,
Leaf Cutter,225759,UT,22:12:09 03-Apr-2025,Argos,B,50.0824,-5.3622,1010,13344,76,48,,,,,,
Leaf Cutter,225759,UT,22:47:07 03-Apr-2025,Argos,A,50.0726,-5.3760,170,254,113,125,,,,,,
Leaf Cutter,225759,UT,22:55:56 03-Apr-2025,Argos,A,50.0709,-5.3760,128,598,27,82,,,,,,
Leaf Cutter,225759,UT,23:03:41.394000 03-Apr-2025,FastGPS,8,50.0684,-5.3822,,,,,,,,,,
Leaf Cutter,225759,UT,00:04:16.106564 04-Apr-2025,FastGPS,6,50.0849,-5.4178,,,,,,,,,,
Leaf Cutter,225759,UT,00:08:48 04-Apr-2025,Argos,2,50.0897,-5.4128,345,781,151,79,,,,,,
Leaf Cutter,225759,UT,01:08:14.369690 04-Apr-2025,FastGPS,4,50.1091,-5.4286,,,,,,,,,,
Leaf Cutter,225759,UT,01:45:08 04-Apr-2025,Argos,B,50.0952,-5.4312,5174,8404,3184,87,,,,,,
Leaf Cutter,225759,UT,05:17:52.891591 04-Apr-2025,FastGPS,8,50.1074,-5.4349,,,,,,,,,,
Leaf Cutter,225759,UT,05:44:43 04-Apr-2025,Argos,A,50.1050,-5.4427,113,369,34,102,,,,,,
Leaf Cutter,225759,UT,06:24:32.820343 04-Apr-2025,FastGPS,5,50.1071,-5.4342,,,,,,,,,,
Leaf Cutter,225759,UT,06:33:10 04-Apr-2025,Argos,A,50.1054,-5.4592,173,299,99,27,,,,,,
Leaf Cutter,225759,UT,07:01:39.277000 04-Apr-2025,FastGPS,6,50.1026,-5.4480,,,,,,,,,,
Leaf Cutter,225759,UT,07:02:01 04-Apr-2025,Argos,B,50.1110,-5.4667,733,1173,457,87,,,,,,
Leaf Cutter,225759,UT,07:26:14 04-Apr-2025,Argos,B,50.1137,-5.4521,707,5396,92,145,,,,,,
Leaf Cutter,225759,UT,10:20:04 04-Apr-2025,Argos,B,50.1200,-5.4880,1941,2806,1341,97,,,,,,
Leaf Cutter,225759,UT,10:20:56 04-Apr-2025,Argos,A,50.1180,-5.4370,672,4826,93,67,,,,,,
Leaf Cutter,225759,UT,10:31:13.894975 04-Apr-2025,FastGPS,4,50.1181,-5.4557,,,,,,,,,,
Leaf Cutter,225759,UT,11:06:24 04-Apr-2025,Argos,B,50.1167,-5.4485,1025,2275,461,83,,,,,,
Leaf Cutter,225759,UT,11:15:06 04-Apr-2025,Argos,B,50.1154,-5.4439,1122,2579,487,86,,,,,,
Leaf Cutter,225759,UT,11:15:40 04-Apr-2025,Argos,B,50.1140,-5.4662,1389,15163,127,107,,,,,,
Leaf Cutter,225759,UT,12:48:07.254119 04-Apr-2025,FastGPS,4,50.1055,-5.4506,,,,,,,,,,
Leaf Cutter,225759,UT,12:50:11 04-Apr-2025,Argos,B,50.1163,-5.4852,1912,4782,764,104,,,,,,
Leaf Cutter,225759,UT,12:51:16 04-Apr-2025,Argos,B,50.1119,-5.4669,1316,27294,63,100,,,,,,
Leaf Cutter,225759,UT,13:43:23 04-Apr-2025,Argos,B,50.1115,-5.4727,1744,6041,503,99,,,,,,
Leaf Cutter,225759,UT,13:47:52 04-Apr-2025,Argos,A,50.0979,-5.4406,145,387,54,76,,,,,,
Leaf Cutter,225759,UT,15:27:49 04-Apr-2025,Argos,B,50.0983,-5.4570,1319,1965,885,84,,,,,,
Leaf Cutter,225759,UT,15:27:49 04-Apr-2025,Argos,B,50.1008,-5.4607,1346,2200,823,90,,,,,,
Leaf Cutter,225759,UT,15:30:45.157787 04-Apr-2025,FastGPS,4,50.0962,-5.4829,,,,,,,,,,
Leaf Cutter,225759,UT,17:04:40 04-Apr-2025,Argos,B,50.0992,-5.4731,1370,12944,145,39,,,,,,
Leaf Cutter,225759,UT,18:41:51 04-Apr-2025,Argos,B,50.0933,-5.4955,1755,2966,1038,62,,,,,,
Leaf Cutter,225759,UT,18:41:51 04-Apr-2025,Argos,B,50.0849,-5.5074,1520,2107,1096,77,,,,,,
Leaf Cutter,225759,UT,20:52:50 04-Apr-2025,Argos,A,50.0608,-5.5010,180,1077,30,85,,,,,,
Leaf Cutter,225759,UT,20:59:31 04-Apr-2025,Argos,B,50.0599,-5.5039,410,837,200,86,,,,,,
Leaf Cutter,225759,UT,21:08:34 04-Apr-2025,Argos,B,50.0594,-5.5050,580,1043,322,87,,,,,,
Leaf Cutter,225759,UT,22:33:20 04-Apr-2025,Argos,B,50.0513,-5.5188,1357,2198,837,86,,,,,,
Leaf Cutter,225759,UT,23:25:57 04-Apr-2025,Argos,B,50.0499,-5.5242,1773,2982,1054,81,,,,,,
Leaf Cutter,225759,UT,23:30:19 04-Apr-2025,Argos,B,50.0624,-5.4656,1217,6249,236,166,,,,,,
Leaf Cutter,225759,UT,00:21:04 05-Apr-2025,Argos,B,50.0610,-5.4786,1155,9282,143,23,,,,,,
Leaf Cutter,225759,UT,00:59:09 05-Apr-2025,Argos,B,50.0559,-5.4760,1795,1928,1669,129,,,,,,
Leaf Cutter,225759,UT,05:07:17 05-Apr-2025,Argos,B,50.0386,-5.5167,2285,4741,1101,101,,,,,,
Leaf Cutter,225759,UT,06:00:02.197907 05-Apr-2025,FastGPS,6,50.0385,-5.5077,,,,,,,,,,
Leaf Cutter,225759,UT,06:04:37.096243 05-Apr-2025,FastGPS,4,50.0370,-5.5074,,,,,,,,,,
Leaf Cutter,225759,UT,06:04:54 05-Apr-2025,Argos,B,50.0354,-5.5095,2418,6408,912,105,,,,,,
Leaf Cutter,225759,UT,07:01:48.943489 05-Apr-2025,FastGPS,4,50.0222,-5.5086,,,,,,,,,,
Leaf Cutter,225759,UT,07:45:01 05-Apr-2025,Argos,B,50.0291,-5.5226,2754,6241,1215,104,,,,,,
Leaf Cutter,225759,UT,09:59:47 05-Apr-2025,Argos,B,50.0082,-5.5254,1419,23025,87,55,,,,,,
Leaf Cutter,225759,UT,10:58:33 05-Apr-2025,Argos,A,49.9924,-5.5669,1306,34402,49,74,,,,,,
Leaf Cutter,225759,UT,11:41:38 05-Apr-2025,Argos,B,50.0035,-5.5242,1243,20275,76,53,,,,,,
Leaf Cutter,225759,UT,12:36:50 05-Apr-2025,Argos,B,50.0129,-5.4925,984,5571,173,4,,,,,,
Leaf Cutter,225759,UT,13:00:18 05-Apr-2025,Argos,B,50.0055,-5.4927,1045,1250,873,18,,,,,,
Leaf Cutter,225759,UT,13:23:31 05-Apr-2025,Argos,B,50.0046,-5.4917,1206,1365,1065,65,,,,,,
Leaf Cutter,225759,UT,14:40:17 05-Apr-2025,Argos,B,49.9925,-5.4883,1598,2297,1111,91,,,,,,
Leaf Cutter,225759,UT,16:26:18 05-Apr-2025,Argos,B,49.9792,-5.4893,2010,3420,1181,90,,,,,,
Leaf Cutter,225759,UT,17:58:16 05-Apr-2025,Argos,B,49.9684,-5.4836,2299,3965,1332,85,,,,,,
Leaf Cutter,225759,UT,19:44:27 05-Apr-2025,Argos,B,49.9998,-5.5073,1705,58479,49,68,,,,,,
Leaf Cutter,225759,UT,20:39:31 05-Apr-2025,Argos,B,50.0057,-5.4923,843,5705,124,14,,,,,,
Leaf Cutter,225759,UT,20:45:40 05-Apr-2025,Argos,B,50.0062,-5.4914,897,1983,405,16,,,,,,
Leaf Cutter,225759,UT,21:20:22 05-Apr-2025,Argos,B,50.0116,-5.4723,980,3496,274,3,,,,,,
Leaf Cutter,225759,UT,21:24:31 05-Apr-2025,Argos,2,50.0353,-5.4653,293,593,144,62,,,,,,
Leaf Cutter,225759,UT,21:24:31 05-Apr-2025,Argos,B,50.0211,-5.4759,762,3175,182,16,,,,,,
Leaf Cutter,225759,UT,01:55:07 06-Apr-2025,Argos,B,50.0482,-5.4683,4632,8745,2453,89,,,,,,
Leaf Cutter,225759,UT,07:11:31 06-Apr-2025,Argos,B,50.0641,-5.4550,5393,10109,2876,97,,,,,,
Leaf Cutter,225759,UT,07:40:19 06-Apr-2025,Argos,B,50.0585,-5.4590,3970,13987,1127,110,,,,,,
Leaf Cutter,225759,UT,10:45:56 06-Apr-2025,Argos,B,50.0680,-5.4528,3086,7008,1358,107,,,,,,
Leaf Cutter,225759,UT,10:47:57 06-Apr-2025,Argos,B,50.0721,-5.4877,1455,33045,64,59,,,,,,
Leaf Cutter,225759,UT,12:19:44.559574 06-Apr-2025,FastGPS,5,50.0365,-5.4898,,,,,,,,,,
Leaf Cutter,225759,UT,12:20:02 06-Apr-2025,Argos,B,50.0702,-5.4964,1003,8105,124,157,,,,,,
Leaf Cutter,225759,UT,12:20:02 06-Apr-2025,Argos,B,50.0656,-5.4992,1653,3163,863,73,,,,,,
Leaf Cutter,225759,UT,12:24:27 06-Apr-2025,Argos,B,50.0657,-5.4994,1677,3175,885,73,,,,,,
Leaf Cutter,225759,UT,13:50:40 06-Apr-2025,Argos,B,50.0689,-5.4998,2098,3593,1224,78,,,,,,
Leaf Cutter,225759,UT,14:49:16.775052 06-Apr-2025,FastGPS,5,50.0399,-5.4691,,,,,,,,,,
Leaf Cutter,225759,UT,17:02:08.145006 06-Apr-2025,FastGPS,4,50.0232,-5.4485,,,,,,,,,,
Leaf Cutter,225759,UT,17:15:53 06-Apr-2025,Argos,B,50.0653,-5.4959,2824,4739,1682,82,,,,,,
Leaf Cutter,225759,UT,19:03:24.335027 06-Apr-2025,FastGPS,8,50.0332,-5.4254,,,,,,,,,,
Leaf Cutter,225759,UT,20:33:57 06-Apr-2025,Argos,B,50.0616,-5.4764,3256,5024,2109,77,,,,,,
Leaf Cutter,225759,UT,20:53:43 06-Apr-2025,Argos,B,50.0637,-5.4713,2133,15140,300,113,,,,,,
Leaf Cutter,225759,UT,21:26:35.082784 06-Apr-2025,FastGPS,6,50.0583,-5.4214,,,,,,,,,,
Leaf Cutter,225759,UT,21:58:43 06-Apr-2025,Argos,B,50.0715,-5.4780,2156,7232,642,107,,,,,,
Leaf Cutter,225759,UT,22:10:37 06-Apr-2025,Argos,3,50.0791,-5.4205,246,717,84,70,,,,,,
Leaf Cutter,225759,UT,22:13:59 06-Apr-2025,Argos,2,50.0831,-5.4308,388,1745,86,81,,,,,,
Leaf Cutter,225759,UT,22:32:25.834595 06-Apr-2025,FastGPS,5,50.0925,-5.4227,,,,,,,,,,
Leaf Cutter,225759,UT,22:52:27 06-Apr-2025,Argos,B,50.0839,-5.4284,1269,6962,231,75,,,,,,
Leaf Cutter,225759,UT,23:34:51 06-Apr-2025,Argos,B,50.0984,-5.4538,1853,5816,590,65,,,,,,
Leaf Cutter,225759,UT,23:41:34.506936 06-Apr-2025,FastGPS,5,50.1029,-5.4521,,,,,,,,,,
Leaf Cutter,225759,UT,23:51:19 06-Apr-2025,Argos,B,50.0942,-5.4731,1336,1626,1097,160,,,,,,
Leaf Cutter,225759,UT,00:00:03 07-Apr-2025,Argos,A,50.1011,-5.4726,145,263,80,106,,,,,,
Leaf Cutter,225759,UT,01:11:31 07-Apr-2025,Argos,B,50.1012,-5.4765,820,10593,63,88,,,,,,
Leaf Cutter,225759,UT,05:20:02 07-Apr-2025,Argos,B,50.0930,-5.4616,1587,56433,44,67,,,,,,
Leaf Cutter,225759,UT,07:23:35 07-Apr-2025,Argos,B,50.0840,-5.4660,1885,77592,45,66,,,,,,
Leaf Cutter,225759,UT,08:43:47.442525 07-Apr-2025,FastGPS,4,50.1033,-5.4379,,,,,,,,,,
Leaf Cutter,225759,UT,09:02:45 07-Apr-2025,Argos,B,50.0974,-5.4382,987,10677,91,149,,,,,,
Leaf Cutter,225759,UT,10:02:19.747706 07-Apr-2025,FastGPS,6,50.0784,-5.4470,,,,,,,,,,
Leaf Cutter,225759,UT,10:15:38 07-Apr-2025,Argos,B,50.0960,-5.4348,1061,3314,339,103,,,,,,
Leaf Cutter,225759,UT,10:25:08 07-Apr-2025,Argos,B,50.0765,-5.4204,896,21708,37,93,,,,,,
Leaf Cutter,225759,UT,10:43:35 07-Apr-2025,Argos,B,50.0763,-5.4227,1023,3562,294,93,,,,,,
Leaf Cutter,225759,UT,11:02:17 07-Apr-2025,Argos,B,50.0751,-5.4238,1111,3175,388,97,,,,,,
Leaf Cutter,225759,UT,12:17:53 07-Apr-2025,Argos,B,50.0756,-5.4265,1574,2978,832,94,,,,,,
Leaf Cutter,225759,UT,12:38:41 07-Apr-2025,Argos,B,50.0757,-5.4273,1580,2621,952,90,,,,,,
Leaf Cutter,225759,UT,13:04:52 07-Apr-2025,Argos,B,50.0547,-5.4423,1205,78847,18,100,,,,,,
Leaf Cutter,225759,UT,14:48:38 07-Apr-2025,Argos,B,50.0529,-5.4460,1787,4753,671,98,,,,,,
Leaf Cutter,225759,UT,16:01:23.860042 07-Apr-2025,FastGPS,7,50.0535,-5.4997,,,,,,,,,,
Leaf Cutter,225759,UT,16:39:57 07-Apr-2025,Argos,B,50.0508,-5.4472,1735,72902,41,85,,,,,,
Leaf Cutter,225759,UT,19:19:33.306958 07-Apr-2025,FastGPS,6,50.0376,-5.4453,,,,,,,,,,
Leaf Cutter,225759,UT,20:00:41 07-Apr-2025,Argos,B,50.0493,-5.4444,2210,4829,1011,77,,,,,,
Leaf Cutter,225759,UT,20:18:56 07-Apr-2025,Argos,B,50.0497,-5.4431,2071,6291,681,79,,,,,,
Leaf Cutter,225759,UT,20:18:56 07-Apr-2025,Argos,B,50.0497,-5.4432,2205,5190,936,79,,,,,,
Leaf Cutter,225759,UT,20:26:46.576436 07-Apr-2025,FastGPS,4,50.0505,-5.4515,,,,,,,,,,
Leaf Cutter,225759,UT,20:30:11 07-Apr-2025,Argos,B,50.0501,-5.4421,1689,4516,631,88,,,,,,
Leaf Cutter,225759,UT,20:30:11 07-Apr-2025,Argos,B,50.0496,-5.4433,1548,4188,571,93,,,,,,
Leaf Cutter,225759,UT,21:33:28 07-Apr-2025,Argos,B,50.0492,-5.4443,2364,5816,960,81,,,,,,
Leaf Cutter,225759,UT,21:33:30.879043 07-Apr-2025,FastGPS,5,50.0681,-5.4458,,,,,,,,,,
Leaf Cutter,225759,UT,21:55:06 07-Apr-2025,Argos,2,50.0787,-5.4470,381,1092,132,81,,,,,,
Leaf Cutter,225759,UT,22:01:04 07-Apr-2025,Argos,B,50.0787,-5.4472,1294,2070,808,89,,,,,,
Leaf Cutter,225759,UT,22:07:14 07-Apr-2025,Argos,B,50.0785,-5.4471,1568,2499,984,89,,,,,,
Leaf Cutter,225759,UT,22:24:29 07-Apr-2025,Argos,A,50.0922,-5.4307,168,258,109,46,,,,,,
Leaf Cutter,225759,UT,22:45:41 07-Apr-2025,Argos,B,50.0925,-5.4313,629,1018,389,85,,,,,,
Leaf Cutter,225759,UT,23:43:14 07-Apr-2025,Argos,B,50.0924,-5.4324,1204,1895,764,87,,,,,,
Leaf Cutter,225759,UT,00:22:41 08-Apr-2025,Argos,A,50.1003,-5.4187,270,529,137,166,,,,,,
Leaf Cutter,225759,UT,10:20:33 08-Apr-2025,Argos,B,50.1325,-5.4054,2736,7340,1020,88,,,,,,
Leaf Cutter,225759,UT,10:20:33 08-Apr-2025,Argos,B,50.1250,-5.4069,2616,8724,784,83,,,,,,
Leaf Cutter,225759,UT,10:20:33 08-Apr-2025,Argos,B,50.1229,-5.4067,2589,9191,729,83,,,,,,
Leaf Cutter,225759,UT,13:53:52.999825 08-Apr-2025,FastGPS,6,50.0318,-5.4739,,,,,,,,,,
Leaf Cutter,225759,UT,15:56:59 08-Apr-2025,Argos,B,50.0842,-5.4051,1501,32701,68,34,,,,,,
Leaf Cutter,225759,UT,18:13:07 08-Apr-2025,Argos,B,49.9908,-5.4490,1286,45077,36,92,,,,,,
Leaf Cutter,225759,UT,18:22:32 08-Apr-2025,Argos,B,49.9885,-5.4498,1194,7370,193,92,,,,,,
Leaf Cutter,225759,UT,19:54:43 08-Apr-2025,Argos,B,49.9732,-5.4634,1691,4129,692,88,,,,,,
Leaf Cutter,225759,UT,05:31:07 09-Apr-2025,Argos,B,49.9945,-5.4690,3509,6766,1819,85,,,,,,
Leaf Cutter,225759,UT,05:40:46 09-Apr-2025,Argos,B,50.0463,-5.4244,3057,6545,1427,103,,,,,,
Leaf Cutter,225759,UT,07:20:01 09-Apr-2025,Argos,B,50.0219,-5.4144,2815,4431,1788,93,,,,,,
Leaf Cutter,225759,UT,08:07:52 09-Apr-2025,Argos,B,50.0229,-5.4080,2901,5333,1577,85,,,,,,
Leaf Cutter,225759,UT,11:04:14 09-Apr-2025,Argos,B,49.9981,-5.4344,3327,5342,2072,84,,,,,,
Leaf Cutter,225759,UT,11:52:08 09-Apr-2025,Argos,B,50.0023,-5.4341,3471,5716,2107,80,,,,,,
Leaf Cutter,225759,UT,12:07:14 09-Apr-2025,Argos,B,49.9989,-5.4537,3352,5037,2230,81,,,,,,
Leaf Cutter,225759,UT,13:27:05 09-Apr-2025,Argos,B,49.9642,-5.5498,2985,3341,2666,135,,,,,,
Leaf Cutter,225759,UT,14:53:58 09-Apr-2025,Argos,B,49.9877,-5.6509,4402,8094,2393,31,,,,,,
Leaf Cutter,225759,UT,17:00:03 09-Apr-2025,Argos,B,49.9761,-5.6580,4086,5051,3305,87,,,,,,
Leaf Cutter,225759,UT,19:30:51 09-Apr-2025,Argos,B,49.9778,-5.6983,2115,46684,95,128,,,,,,
Leaf Cutter,225759,UT,20:52:22 09-Apr-2025,Argos,B,49.9509,-5.7695,4412,10979,1773,79,,,,,,
Leaf Cutter,225759,UT,21:20:01 09-Apr-2025,Argos,B,49.9712,-5.7409,2547,6722,964,122,,,,,,
Leaf Cutter,225759,UT,23:29:26 09-Apr-2025,Argos,B,49.9850,-5.7327,2109,3584,1240,171,,,,,,
Leaf Cutter,225759,UT,00:34:45 10-Apr-2025,Argos,B,50.0345,-5.7513,1743,10754,282,95,,,,,,
Leaf Cutter,225759,UT,05:01:45 10-Apr-2025,Argos,A,50.0463,-5.6814,184,1058,31,86,,,,,,
Leaf Cutter,225759,UT,05:01:49 10-Apr-2025,Argos,B,50.0463,-5.6814,164,817,32,86,,,,,,
Leaf Cutter,225759,UT,05:29:16.605117 10-Apr-2025,FastGPS,6,50.0344,-5.6957,,,,,,,,,,
Leaf Cutter,225759,UT,06:36:17 10-Apr-2025,Argos,B,50.0618,-5.6938,1331,2075,853,89,,,,,,
Leaf Cutter,225759,UT,06:36:42 10-Apr-2025,Argos,B,50.0456,-5.6953,916,8657,96,122,,,,,,
Leaf Cutter,225759,UT,07:46:58 10-Apr-2025,Argos,B,50.0450,-5.6957,1351,3176,574,109,,,,,,
Leaf Cutter,225759,UT,08:14:24 10-Apr-2025,Argos,A,50.0543,-5.6890,611,2142,174,40,,,,,,
Leaf Cutter,225759,UT,11:39:30 10-Apr-2025,Argos,B,50.0475,-5.6996,1793,2814,1142,105,,,,,,
Leaf Cutter,225759,UT,11:39:30 10-Apr-2025,Argos,B,50.0516,-5.6932,2020,3005,1357,87,,,,,,
Leaf Cutter,225759,UT,11:39:30.958934 10-Apr-2025,FastGPS,5,50.0458,-5.6976,,,,,,,,,,
Leaf Cutter,225759,UT,13:11:39 10-Apr-2025,Argos,B,50.0840,-5.7419,2225,3341,1481,160,,,,,,
Leaf Cutter,225759,UT,04:27:21 11-Apr-2025,Argos,B,50.0190,-5.7456,3874,8424,1781,98,,,,,,
Leaf Cutter,225759,UT,05:11:10.857868 11-Apr-2025,FastGPS,7,50.0309,-5.7133,,,,,,,,,,
Leaf Cutter,225759,UT,05:56:18 11-Apr-2025,Argos,B,50.0397,-5.8074,5636,46477,683,106,,,,,,
Leaf Cutter,225759,UT,06:08:52 11-Apr-2025,Argos,B,50.0203,-5.7790,3981,436575,36,104,,,,,,
Leaf Cutter,225759,UT,07:49:43 11-Apr-2025,Argos,B,50.0193,-5.7893,4171,26344,660,104,,,,,,
Leaf Cutter,225759,UT,09:02:14 11-Apr-2025,Argos,B,49.9622,-5.6535,3822,18220,801,94,,,,,,
Leaf Cutter,225759,UT,09:44:01 11-Apr-2025,Argos,B,49.9520,-5.6323,2422,7838,748,91,,,,,,
Leaf Cutter,225759,UT,10:25:35 11-Apr-2025,Argos,B,49.9419,-5.6089,3358,9588,1176,91,,,,,,
Leaf Cutter,225759,UT,10:36:12 11-Apr-2025,Argos,A,49.9348,-5.6642,579,3162,106,53,,,,,,
Leaf Cutter,225759,UT,11:13:38 11-Apr-2025,Argos,B,49.9350,-5.6927,876,2312,332,176,,,,,,
Leaf Cutter,225759,UT,11:19:05 11-Apr-2025,Argos,B,49.8943,-5.7047,529,4778,58,134,,,,,,
Leaf Cutter,225759,UT,11:24:33 11-Apr-2025,Argos,B,49.8906,-5.7040,453,5203,39,115,,,,,,
Leaf Cutter,225759,UT,11:30:05.990341 11-Apr-2025,FastGPS,4,49.9029,-5.7277,,,,,,,,,,
Leaf Cutter,225759,UT,12:00:52.095963 11-Apr-2025,FastGPS,7,49.9000,-5.7400,,,,,,,,,,
Leaf Cutter,225759,UT,12:52:27 11-Apr-2025,Argos,B,49.8848,-5.7058,960,13178,70,96,,,,,,
Leaf Cutter,225759,UT,12:57:58 11-Apr-2025,Argos,B,49.8849,-5.7063,1010,6017,169,95,,,,,,
Leaf Cutter,225759,UT,13:01:10 11-Apr-2025,Argos,A,49.8880,-5.7443,143,450,45,99,,,,,,
Leaf Cutter,225759,UT,13:24:37 11-Apr-2025,Argos,B,49.8838,-5.7448,628,1160,339,95,,,,,,
Leaf Cutter,225759,UT,14:57:43 11-Apr-2025,Argos,B,49.8806,-5.7456,1033,16764,63,88,,,,,,
Leaf Cutter,225759,UT,15:17:48.947000 11-Apr-2025,FastGPS,7,49.8815,-5.7748,,,,,,,,,,
Leaf Cutter,225759,UT,15:31:27 11-Apr-2025,Argos,B,49.8763,-5.7475,1257,4056,389,89,,,,,,
Leaf Cutter,225759,UT,17:11:08 11-Apr-2025,Argos,3,49.8655,-5.7813,135,888,20,91,,,,,,
Leaf Cutter,225759,UT,17:23:17.733113 11-Apr-2025,FastGPS,6,49.8620,-5.7572,,,,,,,,,,
Leaf Cutter,225759,UT,18:46:56 11-Apr-2025,Argos,B,49.8491,-5.7874,1288,2132,777,85,,,,,,
Leaf Cutter,225759,UT,19:31:23 11-Apr-2025,Argos,B,49.8478,-5.7866,1640,2572,1045,82,,,,,,
Leaf Cutter,225759,UT,21:01:42 11-Apr-2025,Argos,B,49.8373,-5.7594,1575,4094,605,15,,,,,,
Leaf Cutter,225759,UT,21:01:42 11-Apr-2025,Argos,B,49.8512,-5.7769,2079,3080,1403,84,,,,,,
Leaf Cutter,225759,UT,21:08:18.529758 11-Apr-2025,FastGPS,4,49.8184,-5.7246,,,,,,,,,,
Leaf Cutter,225759,UT,21:15:58 11-Apr-2025,Argos,B,49.7656,-5.7803,4078,6240,2664,27,,,,,,
Leaf Cutter,225759,UT,22:47:35 11-Apr-2025,Argos,B,49.8462,-5.7345,700,2806,174,60,,,,,,
Leaf Cutter,225759,UT,22:47:35 11-Apr-2025,Argos,A,49.8755,-5.7044,469,2800,78,48,,,,,,
Leaf Cutter,225759,UT,22:54:11 11-Apr-2025,Argos,2,49.8347,-5.7495,484,3055,76,80,,,,,,
Leaf Cutter,225759,UT,23:01:01.062540 11-Apr-2025,FastGPS,4,49.8399,-5.7536,,,,,,,,,,
Leaf Cutter,225759,UT,23:01:19 11-Apr-2025,Argos,B,49.8356,-5.7523,683,1486,313,90,,,,,,
Leaf Cutter,225759,UT,00:01:00.497716 12-Apr-2025,FastGPS,5,49.8618,-5.7828,,,,,,,,,,
Leaf Cutter,225759,UT,00:31:42 12-Apr-2025,Argos,A,49.8292,-5.7609,1110,3905,315,163,,,,,,
Leaf Cutter,225759,UT,00:38:13 12-Apr-2025,Argos,B,49.8755,-5.7829,511,3307,78,61,,,,,,
Leaf Cutter,225759,UT,05:40:51 12-Apr-2025,Argos,0,49.9292,-5.8887,2296,96191,54,78,,,,,,
Leaf Cutter,225759,UT,06:09:22.439105 12-Apr-2025,FastGPS,5,49.9408,-5.7881,,,,,,,,,,
Leaf Cutter,225759,UT,06:57:26 12-Apr-2025,Argos,B,49.9206,-5.8894,2546,10766,602,90,,,,,,
Leaf Cutter,225759,UT,06:57:48 12-Apr-2025,Argos,B,49.9404,-5.8876,3383,7003,1634,83,,,,,,
Leaf Cutter,225759,UT,07:19:43 12-Apr-2025,Argos,B,49.9145,-5.7938,1434,14757,139,42,,,,,,
Leaf Cutter,225759,UT,08:32:22 12-Apr-2025,Argos,B,49.9338,-5.7868,1321,1846,945,76,,,,,,
Leaf Cutter,225759,UT,10:11:52 12-Apr-2025,Argos,B,49.9486,-5.7821,1942,2697,1397,86,,,,,,
Leaf Cutter,225759,UT,10:11:52 12-Apr-2025,Argos,B,49.9462,-5.7875,1904,2525,1434,88,,,,,,
Leaf Cutter,225759,UT,11:12:40 12-Apr-2025,Argos,B,49.9490,-5.7835,2127,2998,1509,103,,,,,,
Leaf Cutter,225759,UT,11:12:40 12-Apr-2025,Argos,B,49.9454,-5.7828,1958,3354,1142,112,,,,,,
Leaf Cutter,225759,UT,11:52:46 12-Apr-2025,Argos,B,49.9514,-5.7811,2060,3447,1231,105,,,,,,
Leaf Cutter,225759,UT,12:36:03 12-Apr-2025,Argos,B,49.9522,-5.7792,1321,16609,105,58,,,,,,
Leaf Cutter,225759,UT,12:40:49 12-Apr-2025,Argos,B,49.9515,-5.7813,1275,7392,219,59,,,,,,
Leaf Cutter,225759,UT,12:40:49 12-Apr-2025,Argos,B,49.9650,-5.7615,414,2692,63,84,,,,,,
Leaf Cutter,225759,UT,12:50:47 12-Apr-2025,Argos,A,49.9551,-5.7860,143,492,41,109,,,,,,
Leaf Cutter,225759,UT,14:15:28 12-Apr-2025,Argos,B,49.9627,-5.7834,1266,2136,750,99,,,,,,
Leaf Cutter,225759,UT,14:21:37.485074 12-Apr-2025,FastGPS,7,49.9500,-5.8196,,,,,,,,,,
Leaf Cutter,225759,UT,14:27:38 12-Apr-2025,Argos,A,49.9566,-5.8045,266,674,104,73,,,,,,
Leaf Cutter,225759,UT,16:32:59 12-Apr-2025,Argos,B,49.9679,-5.7965,1490,2414,919,84,,,,,,
Leaf Cutter,225759,UT,16:37:56.641117 12-Apr-2025,FastGPS,7,49.9386,-5.7901,,,,,,,,,,
Leaf Cutter,225759,UT,17:47:24.606955 12-Apr-2025,FastGPS,6,49.9304,-5.7730,,,,,,,,,,
Leaf Cutter,225759,UT,17:47:59 12-Apr-2025,Argos,B,49.9169,-5.8034,1367,11960,156,91,,,,,,
Leaf Cutter,225759,UT,18:10:14 12-Apr-2025,Argos,A,49.9233,-5.8045,306,1753,53,73,,,,,,
Leaf Cutter,225759,UT,18:14:26 12-Apr-2025,Argos,B,49.9235,-5.8063,434,1016,185,80,,,,,,
Leaf Cutter,225759,UT,19:29:18 12-Apr-2025,Argos,B,49.9170,-5.8066,1257,2045,772,87,,,,,,
Leaf Cutter,225759,UT,19:56:55 12-Apr-2025,Argos,A,49.9431,-5.7842,151,368,61,117,,,,,,
Leaf Cutter,225759,UT,20:02:20.659427 12-Apr-2025,FastGPS,4,49.9340,-5.7841,,,,,,,,,,
Leaf Cutter,225759,UT,20:51:36 12-Apr-2025,Argos,B,49.9433,-5.7843,1023,1587,659,90,,,,,,
Leaf Cutter,225759,UT,20:52:21 12-Apr-2025,Argos,A,49.9297,-5.8006,241,430,135,123,,,,,,
Leaf Cutter,225759,UT,20:58:43 12-Apr-2025,Argos,A,49.9351,-5.8114,232,740,72,69,,,,,,
Leaf Cutter,225759,UT,21:06:54 12-Apr-2025,Argos,B,49.9361,-5.8066,491,957,251,81,,,,,,
Leaf Cutter,225759,UT,22:21:48 12-Apr-2025,Argos,A,49.9511,-5.7782,1084,17792,66,102,,,,,,
Leaf Cutter,225759,UT,22:43:17 12-Apr-2025,Argos,B,49.9621,-5.7969,741,8581,63,81,,,,,,
Leaf Cutter,225759,UT,23:51:31 12-Apr-2025,Argos,A,49.9807,-5.7542,611,12767,29,86,,,,,,
Leaf Cutter,225759,UT,00:26:17 13-Apr-2025,Argos,B,49.9835,-5.7534,1574,4003,619,88,,,,,,
Leaf Cutter,225759,UT,01:33:45 13-Apr-2025,Argos,B,50.0149,-5.7757,1261,14010,113,69,,,,,,
Leaf Cutter,225759,UT,05:04:24 13-Apr-2025,Argos,B,50.0686,-5.7537,2564,5137,1279,80,,,,,,
Leaf Cutter,225759,UT,06:46:58 13-Apr-2025,Argos,B,50.0693,-5.8336,2235,41313,120,11,,,,,,
Leaf Cutter,225759,UT,07:45:32 13-Apr-2025,Argos,B,50.0522,-5.8406,856,10384,70,88,,,,,,
Leaf Cutter,225759,UT,08:48:29.264275 13-Apr-2025,FastGPS,4,50.0265,-5.8567,,,,,,,,,,
Leaf Cutter,225759,UT,09:46:55 13-Apr-2025,Argos,B,50.0448,-5.8781,1562,3084,791,95,,,,,,
Leaf Cutter,225759,UT,10:59:45 13-Apr-2025,Argos,B,50.0396,-5.8941,1960,3693,1040,101,,,,,,
Leaf Cutter,225759,UT,11:23:52 13-Apr-2025,Argos,B,50.0563,-5.8895,2157,3647,1275,100,,,,,,
Leaf Cutter,225759,UT,12:34:03 13-Apr-2025,Argos,B,50.0312,-5.9213,1357,9941,185,22,,,,,,
Leaf Cutter,225759,UT,12:34:03 13-Apr-2025,Argos,B,50.0614,-5.9091,1631,14417,184,21,,,,,,
Leaf Cutter,225759,UT,13:36:09 13-Apr-2025,Argos,B,50.0148,-5.9282,2352,4497,1230,99,,,,,,
Leaf Cutter,225759,UT,14:17:27 13-Apr-2025,Argos,B,50.0109,-5.9635,2271,3810,1354,108,,,,,,
Leaf Cutter,225759,UT,15:06:39 13-Apr-2025,Argos,B,49.9768,-6.0259,1586,13276,189,75,,,,,,
Leaf Cutter,225759,UT,15:33:36.756726 13-Apr-2025,FastGPS,7,49.9836,-6.0211,,,,,,,,,,
Leaf Cutter,225759,UT,15:50:58 13-Apr-2025,Argos,B,49.9926,-6.0324,1616,24030,108,94,,,,,,
Leaf Cutter,225759,UT,17:25:35 13-Apr-2025,Argos,B,49.9852,-6.0805,2150,4450,1038,91,,,,,,
Leaf Cutter,225759,UT,17:49:31.194695 13-Apr-2025,FastGPS,5,49.9827,-6.0391,,,,,,,,,,
Leaf Cutter,225759,UT,18:58:51.092146 13-Apr-2025,FastGPS,8,49.9666,-6.0552,,,,,,,,,,
Leaf Cutter,225759,UT,19:30:13 13-Apr-2025,Argos,A,49.9639,-6.0779,152,913,25,84,,,,,,
Leaf Cutter,225759,UT,20:05:00.878553 13-Apr-2025,FastGPS,5,49.9683,-6.0780,,,,,,,,,,
Leaf Cutter,225759,UT,20:27:32 13-Apr-2025,Argos,B,49.9580,-6.1287,2900,17226,488,89,,,,,,
Leaf Cutter,225759,UT,20:53:16 13-Apr-2025,Argos,B,49.9604,-6.1197,3061,15125,619,88,,,,,,
Leaf Cutter,225759,UT,21:15:47.719844 13-Apr-2025,FastGPS,6,49.9749,-6.0907,,,,,,,,,,
Leaf Cutter,225759,UT,22:01:34 13-Apr-2025,Argos,A,49.9875,-6.0848,168,468,60,99,,,,,,
Leaf Cutter,225759,UT,22:04:14.561737 13-Apr-2025,FastGPS,5,49.9873,-6.0872,,,,,,,,,,
Leaf Cutter,225759,UT,22:21:42 13-Apr-2025,Argos,3,49.9937,-6.0819,208,572,75,78,,,,,,
Leaf Cutter,225759,UT,22:23:50 13-Apr-2025,Argos,B,49.9937,-6.0810,467,967,225,89,,,,,,
Leaf Cutter,225759,UT,22:53:41 13-Apr-2025,Argos,B,49.9972,-6.0882,2033,3332,1240,89,,,,,,
Leaf Cutter,225759,UT,23:03:54 13-Apr-2025,Argos,B,49.9971,-6.0876,1181,1948,716,89,,,,,,
Leaf Cutter,225759,UT,23:46:09 13-Apr-2025,Argos,B,49.9998,-6.0933,1246,2068,750,89,,,,,,
Leaf Cutter,225759,UT,00:07:36 14-Apr-2025,Argos,B,50.0008,-6.0930,1402,2294,856,90,,,,,,
Leaf Cutter,225759,UT,00:12:28 14-Apr-2025,Argos,A,50.0017,-6.0785,532,2152,131,21,,,,,,
Leaf Cutter,225759,UT,00:46:43 14-Apr-2025,Argos,A,49.9868,-6.0630,130,153,109,43,,,,,,
Leaf Cutter,225759,UT,05:23:45.750219 14-Apr-2025,FastGPS,4,50.0571,-5.9601,,,,,,,,,,
Leaf Cutter,225759,UT,06:13:02 14-Apr-2025,Argos,B,50.0530,-5.9871,1628,84353,31,102,,,,,,
Leaf Cutter,225759,UT,07:14:19 14-Apr-2025,Argos,B,50.0491,-5.9674,1756,5483,562,99,,,,,,
Leaf Cutter,225759,UT,07:43:10 14-Apr-2025,Argos,B,50.0385,-6.0001,1497,61419,36,114,,,,,,
Leaf Cutter,225759,UT,07:53:53.613113 14-Apr-2025,FastGPS,7,50.0099,-5.9421,,,,,,,,,,
Leaf Cutter,225759,UT,08:45:11 14-Apr-2025,Argos,B,50.0363,-5.9690,1977,4650,840,100,,,,,,
Leaf Cutter,225759,UT,09:19:47 14-Apr-2025,Argos,B,49.9882,-5.9480,2676,121971,58,92,,,,,,
Leaf Cutter,225759,UT,10:00:04.112710 14-Apr-2025,FastGPS,5,49.9821,-5.9983,,,,,,,,,,
Leaf Cutter,225759,UT,10:43:17 14-Apr-2025,Argos,B,50.0318,-5.9483,2454,4871,1236,97,,,,,,
Leaf Cutter,225759,UT,10:48:15 14-Apr-2025,Argos,B,50.0334,-5.9650,2563,5369,1222,98,,,,,,
Leaf Cutter,225759,UT,11:53:31 14-Apr-2025,Argos,A,49.9911,-6.0300,243,559,105,96,,,,,,
Leaf Cutter,225759,UT,12:20:34 14-Apr-2025,Argos,A,49.9951,-6.0385,392,1304,117,31,,,,,,
Leaf Cutter,225759,UT,12:23:20 14-Apr-2025,Argos,2,50.0023,-6.0219,300,437,205,118,,,,,,
Leaf Cutter,225759,UT,12:43:53 14-Apr-2025,Argos,B,50.0027,-6.0341,808,1287,506,94,,,,,,
Leaf Cutter,225759,UT,13:28:31.492860 14-Apr-2025,FastGPS,6,50.0204,-6.0028,,,,,,,,,,
Leaf Cutter,225759,UT,13:37:47 14-Apr-2025,Argos,B,49.9870,-6.0271,1667,2982,932,90,,,,,,
Leaf Cutter,225759,UT,14:02:34 14-Apr-2025,Argos,B,50.0016,-6.0370,1109,10377,118,56,,,,,,
Leaf Cutter,225759,UT,14:23:20 14-Apr-2025,Argos,A,50.0389,-5.9780,276,698,108,12,,,,,,
Leaf Cutter,225759,UT,14:37:47.524109 14-Apr-2025,FastGPS,7,50.0469,-5.9683,,,,,,,,,,
Leaf Cutter,225759,UT,16:49:01 14-Apr-2025,Argos,A,50.1217,-5.9257,922,14720,57,81,,,,,,
Leaf Cutter,225759,UT,17:15:46.754878 14-Apr-2025,FastGPS,4,50.1280,-5.9460,,,,,,,,,,
Leaf Cutter,225759,UT,18:21:54.777616 14-Apr-2025,FastGPS,6,50.1445,-5.9133,,,,,,,,,,
Leaf Cutter,225759,UT,18:22:19 14-Apr-2025,Argos,B,50.1308,-5.9249,1316,14807,116,78,,,,,,
Leaf Cutter,225759,UT,18:25:51 14-Apr-2025,Argos,2,50.1435,-5.9098,393,575,268,95,,,,,,
Leaf Cutter,225759,UT,19:01:57 14-Apr-2025,Argos,B,50.1453,-5.9080,1990,3099,1277,90,,,,,,
Leaf Cutter,225759,UT,19:17:45 14-Apr-2025,Argos,B,50.1455,-5.9033,2345,3568,1541,89,,,,,,
Leaf Cutter,225759,UT,19:59:59.160595 14-Apr-2025,FastGPS,5,50.1344,-5.8615,,,,,,,,,,
Leaf Cutter,225759,UT,20:03:42.747795 14-Apr-2025,FastGPS,4,50.1338,-5.8586,,,,,,,,,,
Leaf Cutter,225759,UT,20:04:01 14-Apr-2025,Argos,B,50.1357,-5.9214,1744,3607,843,79,,,,,,
Leaf Cutter,225759,UT,20:09:22 14-Apr-2025,Argos,B,50.1392,-5.8947,1299,2170,776,78,,,,,,
Leaf Cutter,225759,UT,20:48:44 14-Apr-2025,Argos,B,50.1109,-5.8838,1168,64386,21,80,,,,,,
Leaf Cutter,225759,UT,20:48:44 14-Apr-2025,Argos,B,50.1552,-6.0248,4592,7163,2944,92,,,,,,
Leaf Cutter,225759,UT,21:39:17 14-Apr-2025,Argos,B,50.1699,-6.0395,1634,3101,861,102,,,,,,
Leaf Cutter,225759,UT,21:39:17 14-Apr-2025,Argos,B,50.1665,-5.8965,1186,8496,165,139,,,,,,
Leaf Cutter,225759,UT,22:10:34 14-Apr-2025,Argos,B,50.1199,-5.8469,931,1508,575,108,,,,,,
Leaf Cutter,225759,UT,22:10:34 14-Apr-2025,Argos,0,50.0830,-5.8041,2037,14749,281,70,,,,,,
Leaf Cutter,225759,UT,22:14:26.228058 14-Apr-2025,FastGPS,6,50.0832,-5.8046,,,,,,,,,,
Leaf Cutter,225759,UT,22:32:52 14-Apr-2025,Argos,B,50.0829,-5.8068,3168,5347,1876,84,,,,,,
Leaf Cutter,225759,UT,23:26:17 14-Apr-2025,Argos,B,50.0401,-5.7680,4852,7333,3210,111,,,,,,
Leaf Cutter,225759,UT,23:50:37 14-Apr-2025,Argos,B,50.0423,-5.7731,1084,6029,194,28,,,,,,
Leaf Cutter,225759,UT,23:56:32 14-Apr-2025,Argos,1,50.0808,-5.7407,544,971,304,88,,,,,,
Leaf Cutter,225759,UT,00:01:00 15-Apr-2025,Argos,1,50.0890,-5.7291,593,3928,89,68,,,,,,
Leaf Cutter,225759,UT,01:44:47 15-Apr-2025,Argos,B,50.0181,-5.6700,3014,5761,1576,83,,,,,,
Leaf Cutter,225759,UT,07:20:22 15-Apr-2025,Argos,B,50.0830,-5.7379,5383,7487,3869,106,,,,,,
Leaf Cutter,225759,UT,07:51:07.873491 15-Apr-2025,FastGPS,4,50.1206,-5.7214,,,,,,,,,,
Leaf Cutter,225759,UT,09:58:54 15-Apr-2025,Argos,B,50.0553,-5.7321,2591,57160,117,96,,,,,,
Leaf Cutter,225759,UT,10:30:10 15-Apr-2025,Argos,B,50.0405,-5.6987,3038,24359,378,97,,,,,,
Leaf Cutter,225759,UT,10:30:10 15-Apr-2025,Argos,B,50.0460,-5.7038,2996,18393,488,97,,,,,,
Leaf Cutter,225759,UT,11:33:31 15-Apr-2025,Argos,B,50.0501,-5.7925,1882,61929,57,74,,,,,,
Leaf Cutter,225759,UT,12:06:44 15-Apr-2025,Argos,B,50.0246,-5.8635,1510,7697,296,162,,,,,,
Leaf Cutter,225759,UT,12:12:08 15-Apr-2025,Argos,B,50.0253,-5.8635,1159,1995,673,154,,,,,,
Leaf Cutter,225759,UT,13:15:58 15-Apr-2025,Argos,B,49.9988,-5.9125,2648,3483,2012,95,,,,,,
Leaf Cutter,225759,UT,13:34:31.331350 15-Apr-2025,FastGPS,4,50.0325,-5.8811,,,,,,,,,,
Leaf Cutter,225759,UT,13:39:06 15-Apr-2025,Argos,B,50.0258,-5.8768,998,27809,35,120,,,,,,
Leaf Cutter,225759,UT,13:57:27 15-Apr-2025,Argos,B,50.0264,-5.8796,1171,3556,385,116,,,,,,
Leaf Cutter,225759,UT,15:18:54 15-Apr-2025,Argos,B,49.9921,-5.9569,1266,2188,732,145,,,,,,
Leaf Cutter,225759,UT,16:10:49 15-Apr-2025,Argos,B,49.9858,-6.0024,1589,1853,1361,120,,,,,,
Leaf Cutter,225759,UT,16:49:04.058806 15-Apr-2025,FastGPS,6,50.0732,-5.8850,,,,,,,,,,
Leaf Cutter,225759,UT,17:50:10 15-Apr-2025,Argos,1,50.0618,-5.9006,614,1961,192,88,,,,,,
Leaf Cutter,225759,UT,17:51:22 15-Apr-2025,Argos,B,50.0619,-5.9010,804,1592,406,90,,,,,,
Leaf Cutter,225759,UT,19:48:00 15-Apr-2025,Argos,B,50.0038,-5.8616,3334,21082,527,63,,,,,,
Leaf Cutter,225759,UT,20:03:56.921442 15-Apr-2025,FastGPS,5,50.0194,-5.7832,,,,,,,,,,
Leaf Cutter,225759,UT,20:18:50 15-Apr-2025,Argos,B,49.9988,-5.8651,2073,5374,799,69,,,,,,
Leaf Cutter,225759,UT,20:31:58 15-Apr-2025,Argos,B,50.0013,-5.8627,1994,5173,768,77,,,,,,
Leaf Cutter,225759,UT,21:05:17 15-Apr-2025,Argos,A,50.0060,-5.7680,2724,16403,452,83,,,,,,
Leaf Cutter,225759,UT,21:06:02.282347 15-Apr-2025,FastGPS,4,50.0057,-5.7081,,,,,,,,,,
Leaf Cutter,225759,UT,21:56:03 15-Apr-2025,Argos,A,49.9976,-5.6722,318,1227,82,75,,,,,,
Leaf Cutter,225759,UT,21:57:41 15-Apr-2025,Argos,B,49.9975,-5.6704,235,450,122,80,,,,,,
Leaf Cutter,225759,UT,23:02:39 15-Apr-2025,Argos,A,50.0099,-5.6584,1390,2092,923,11,,,,,,
Leaf Cutter,225759,UT,23:14:04 15-Apr-2025,Argos,B,50.0098,-5.6584,963,1261,735,87,,,,,,
Leaf Cutter,225759,UT,23:44:24 15-Apr-2025,Argos,B,50.0113,-5.6267,1216,2087,708,89,,,,,,
Leaf Cutter,225759,UT,00:54:46 16-Apr-2025,Argos,B,49.9770,-5.6611,3044,32745,283,164,,,,,,
Leaf Cutter,225759,UT,07:24:04 16-Apr-2025,Argos,B,49.9281,-5.5303,6209,12993,2967,113,,,,,,
Leaf Cutter,225759,UT,08:25:12 16-Apr-2025,Argos,A,49.9526,-5.6977,917,19400,43,98,,,,,,
Leaf Cutter,225759,UT,08:40:32 16-Apr-2025,Argos,B,49.9657,-5.6244,4752,9648,2340,113,,,,,,
Leaf Cutter,225759,UT,09:11:54.418726 16-Apr-2025,FastGPS,7,49.9430,-5.7254,,,,,,,,,,
Leaf Cutter,225759,UT,10:24:25 16-Apr-2025,Argos,B,49.9034,-5.6681,2632,7729,896,117,,,,,,
Leaf Cutter,225759,UT,14:29:45 16-Apr-2025,Argos,B,49.8449,-5.6805,3965,6236,2521,110,,,,,,
Leaf Cutter,225759,UT,14:38:30.967590 16-Apr-2025,FastGPS,4,49.9288,-5.8229,,,,,,,,,,
Leaf Cutter,225759,UT,15:56:26.890910 16-Apr-2025,FastGPS,7,49.9500,-5.7975,,,,,,,,,,
Leaf Cutter,225759,UT,17:05:25 16-Apr-2025,Argos,B,49.9147,-5.6884,2987,9697,919,108,,,,,,
Leaf Cutter,225759,UT,18:41:18 16-Apr-2025,Argos,B,49.9312,-5.7877,2614,24933,274,20,,,,,,
Leaf Cutter,225759,UT,19:01:17 16-Apr-2025,Argos,B,50.0247,-5.7522,892,6087,130,101,,,,,,
Leaf Cutter,225759,UT,19:29:17 16-Apr-2025,Argos,B,50.0250,-5.7541,1195,2405,593,96,,,,,,
Leaf Cutter,225759,UT,19:48:52 16-Apr-2025,Argos,B,50.0246,-5.7641,1309,2523,679,93,,,,,,
Leaf Cutter,225759,UT,21:01:34 16-Apr-2025,Argos,B,50.0322,-5.7827,1533,2985,787,91,,,,,,
Leaf Cutter,225759,UT,21:27:12.188284 16-Apr-2025,FastGPS,5,50.0345,-5.6693,,,,,,,,,,
Leaf Cutter,225759,UT,21:38:49 16-Apr-2025,Argos,B,50.0358,-5.7895,1784,3828,831,90,,,,,,
Leaf Cutter,225759,UT,22:45:20 16-Apr-2025,Argos,B,50.0220,-5.7492,1679,12495,225,71,,,,,,
Leaf Cutter,225759,UT,23:22:24 16-Apr-2025,Argos,B,50.0440,-5.6764,1723,7797,380,150,,,,,,
Leaf Cutter,225759,UT,23:30:42 16-Apr-2025,Argos,A,50.0508,-5.6886,285,607,133,48,,,,,,
Leaf Cutter,225759,UT,00:06:12 17-Apr-2025,Argos,B,50.0710,-5.6813,656,2762,156,69,,,,,,
Leaf Cutter,225759,UT,01:46:41 17-Apr-2025,Argos,B,50.0927,-5.6397,1501,2844,792,81,,,,,,
Leaf Cutter,225759,UT,04:41:53 17-Apr-2025,Argos,B,50.0803,-5.6672,3416,6188,1885,58,,,,,,
Leaf Cutter,225759,UT,06:39:21 17-Apr-2025,Argos,B,50.1311,-5.5878,4137,11236,1523,59,,,,,,
Leaf Cutter,225759,UT,06:49:30.433621 17-Apr-2025,FastGPS,4,50.0346,-5.7335,,,,,,,,,,
Leaf Cutter,225759,UT,07:03:38.400988 17-Apr-2025,FastGPS,7,50.0243,-5.7367,,,,,,,,,,
Leaf Cutter,225759,UT,07:57:23 17-Apr-2025,Argos,B,50.1334,-5.5885,4300,10526,1756,59,,,,,,
Leaf Cutter,225759,UT,08:00:01 17-Apr-2025,Argos,B,50.0415,-5.7314,2062,20599,206,20,,,,,,
Leaf Cutter,225759,UT,08:13:49.163595 17-Apr-2025,FastGPS,7,49.9935,-5.7465,,,,,,,,,,
Leaf Cutter,225759,UT,08:19:28 17-Apr-2025,Argos,A,49.9651,-5.7809,1052,4578,241,49,,,,,,
Leaf Cutter,225759,UT,09:48:09 17-Apr-2025,Argos,B,49.9829,-5.7436,4314,6701,2777,82,,,,,,
Leaf Cutter,225759,UT,09:48:14.285374 17-Apr-2025,FastGPS,7,49.9623,-5.7654,,,,,,,,,,
Leaf Cutter,225759,UT,10:52:49 17-Apr-2025,Argos,B,49.9721,-5.7631,4946,9268,2639,67,,,,,,
Leaf Cutter,225759,UT,12:37:08 17-Apr-2025,Argos,B,49.9801,-5.7299,4687,9058,2425,74,,,,,,
Leaf Cutter,225759,UT,13:22:40 17-Apr-2025,Argos,B,49.9811,-5.7437,2896,5854,1432,72,,,,,,
Leaf Cutter,225759,UT,13:27:40 17-Apr-2025,Argos,B,49.9758,-5.7496,2847,6037,1342,74,,,,,,
Leaf Cutter,225759,UT,15:06:26 17-Apr-2025,Argos,B,49.9980,-5.7255,3085,6331,1503,77,,,,,,
Leaf Cutter,225759,UT,15:21:01 17-Apr-2025,Argos,B,50.0201,-5.7332,2650,82514,85,77,,,,,,
Leaf Cutter,225759,UT,15:21:02.484815 17-Apr-2025,FastGPS,7,49.9711,-5.9703,,,,,,,,,,
Leaf Cutter,225759,UT,16:21:24 17-Apr-2025,Argos,B,49.9848,-5.8766,2279,9283,559,85,,,,,,
Leaf Cutter,225759,UT,17:49:44 17-Apr-2025,Argos,B,49.9943,-6.0016,1522,44869,51,69,,,,,,
Leaf Cutter,225759,UT,18:01:06 17-Apr-2025,Argos,A,49.9853,-6.0324,125,167,93,98,,,,,,
Leaf Cutter,225759,UT,18:31:28 17-Apr-2025,Argos,B,49.9929,-6.0545,547,9568,31,101,,,,,,
Leaf Cutter,225759,UT,19:15:38.482572 17-Apr-2025,FastGPS,4,49.9976,-6.0688,,,,,,,,,,
Leaf Cutter,225759,UT,19:25:05 17-Apr-2025,Argos,B,49.9995,-6.0631,942,15388,57,120,,,,,,
Leaf Cutter,225759,UT,19:48:01 17-Apr-2025,Argos,B,49.9945,-6.0746,1684,4480,633,95,,,,,,
Leaf Cutter,225759,UT,20:06:13 17-Apr-2025,Argos,B,50.0029,-6.1257,1395,3118,624,94,,,,,,
Leaf Cutter,225759,UT,20:41:38 17-Apr-2025,Argos,B,50.0060,-6.1189,1792,7584,423,92,,,,,,
Leaf Cutter,225759,UT,21:29:07 17-Apr-2025,Argos,B,50.0117,-6.1296,2649,11211,626,92,,,,,,
Leaf Cutter,225759,UT,21:29:07 17-Apr-2025,Argos,B,50.0086,-6.1154,1086,3605,326,51,,,,,,
Leaf Cutter,225759,UT,21:39:11 17-Apr-2025,Argos,B,50.0091,-6.1152,1252,2633,595,61,,,,,,
Leaf Cutter,225759,UT,21:39:44.282726 17-Apr-2025,FastGPS,5,50.0062,-6.1225,,,,,,,,,,
Leaf Cutter,225759,UT,22:18:52 17-Apr-2025,Argos,B,50.0075,-6.1492,877,10541,72,129,,,,,,
Leaf Cutter,225759,UT,23:17:54 17-Apr-2025,Argos,B,50.0323,-6.1831,1357,4258,432,88,,,,,,
Leaf Cutter,225759,UT,23:18:17 17-Apr-2025,Argos,B,50.0216,-6.1538,890,2821,280,54,,,,,,
Leaf Cutter,225759,UT,23:18:40 17-Apr-2025,Argos,B,50.0050,-6.1689,830,3106,221,52,,,,,,
Leaf Cutter,225759,UT,01:13:20.285144 18-Apr-2025,FastGPS,5,50.0029,-6.1831,,,,,,,,,,
Leaf Cutter,225759,UT,04:13:23 18-Apr-2025,Argos,B,50.0048,-6.1865,2384,3345,1699,81,,,,,,
Leaf Cutter,225759,UT,05:08:37.057716 18-Apr-2025,FastGPS,5,50.0688,-6.2628,,,,,,,,,,
Leaf Cutter,225759,UT,05:43:54 18-Apr-2025,Argos,B,50.0221,-6.3298,5252,19456,1417,98,,,,,,
Leaf Cutter,225759,UT,05:59:36 18-Apr-2025,Argos,B,50.0510,-6.1567,2905,59816,141,115,,,,,,
Leaf Cutter,225759,UT,07:18:23.226734 18-Apr-2025,FastGPS,6,50.1164,-6.2722,,,,,,,,,,
Leaf Cutter,225759,UT,07:23:52 18-Apr-2025,Argos,B,50.0858,-6.2689,2167,6186,758,110,,,,,,
Leaf Cutter,225759,UT,07:36:25 18-Apr-2025,Argos,A,50.1207,-6.2821,315,1013,97,164,,,,,,
Leaf Cutter,225759,UT,07:40:02 18-Apr-2025,Argos,B,50.1205,-6.2762,368,1148,117,170,,,,,,
Leaf Cutter,225759,UT,09:36:18.201740 18-Apr-2025,FastGPS,4,50.1203,-6.3095,,,,,,,,,,
Leaf Cutter,225759,UT,09:54:23 18-Apr-2025,Argos,B,50.1442,-6.3949,1607,2357,1095,92,,,,,,
Leaf Cutter,225759,UT,10:31:04 18-Apr-2025,Argos,B,50.1287,-6.4312,1725,69860,42,104,,,,,,
Leaf Cutter,225759,UT,10:55:06 18-Apr-2025,Argos,B,50.1263,-6.4177,1710,8510,343,104,,,,,,
Leaf Cutter,225759,UT,11:33:42 18-Apr-2025,Argos,B,50.0937,-6.4139,1668,100028,27,90,,,,,,
Leaf Cutter,225759,UT,11:33:42 18-Apr-2025,Argos,B,50.1208,-6.4722,1983,6993,562,101,,,,,,
Leaf Cutter,225759,UT,11:56:34.982670 18-Apr-2025,FastGPS,6,50.0811,-6.3411,,,,,,,,,,
Leaf Cutter,225759,UT,12:10:14 18-Apr-2025,Argos,B,50.0901,-6.3185,828,2545,269,119,,,,,,
Leaf Cutter,225759,UT,12:59:40 18-Apr-2025,Argos,A,50.0541,-6.3501,2748,17549,430,82,,,,,,
Leaf Cutter,225759,UT,13:00:56.097275 18-Apr-2025,FastGPS,5,50.0490,-6.3302,,,,,,,,,,
Leaf Cutter,225759,UT,13:06:32 18-Apr-2025,Argos,A,50.0609,-6.3170,1966,6431,600,97,,,,,,
Leaf Cutter,225759,UT,13:12:02 18-Apr-2025,Argos,A,50.0445,-6.3243,289,421,198,124,,,,,,
Leaf Cutter,225759,UT,13:51:56 18-Apr-2025,Argos,B,50.0329,-6.3274,1560,2453,992,93,,,,,,
Leaf Cutter,225759,UT,14:37:37 18-Apr-2025,Argos,B,50.0097,-6.3093,1014,9921,103,46,,,,,,
Leaf Cutter,225759,UT,14:51:04 18-Apr-2025,Argos,B,50.0098,-6.3091,1071,2846,403,51,,,,,,
Leaf Cutter,225759,UT,15:08:09.005303 18-Apr-2025,FastGPS,6,49.9894,-6.3198,,,,,,,,,,
Leaf Cutter,225759,UT,15:42:17 18-Apr-2025,Argos,3,49.9780,-6.3040,110,273,44,85,,,,,,
Leaf Cutter,225759,UT,16:47:24.060463 18-Apr-2025,FastGPS,4,49.9787,-6.3127,,,,,,,,,,
Leaf Cutter,225759,UT,17:20:17 18-Apr-2025,Argos,B,49.9409,-6.2957,817,7705,86,149,,,,,,
Leaf Cutter,225759,UT,18:14:11.329000 18-Apr-2025,FastGPS,8,49.9766,-6.3215,,,,,,,,,,
Leaf Cutter,225759,UT,18:59:52 18-Apr-2025,Argos,0,49.9790,-6.3251,3183,48254,210,81,,,,,,
Leaf Cutter,225759,UT,19:01:13 18-Apr-2025,Argos,B,49.9797,-6.3258,625,2034,192,77,,,,,,
Leaf Cutter,225759,UT,19:28:58 18-Apr-2025,Argos,B,49.9641,-6.3183,1199,11825,121,72,,,,,,
Leaf Cutter,225759,UT,19:30:39 18-Apr-2025,Argos,B,49.9728,-6.3256,1476,2552,853,85,,,,,,
Leaf Cutter,225759,UT,20:21:09 18-Apr-2025,Argos,A,49.9689,-6.3246,135,509,35,83,,,,,,
Leaf Cutter,225759,UT,21:09:26 18-Apr-2025,Argos,B,49.9561,-6.3253,699,3196,152,85,,,,,,
Leaf Cutter,225759,UT,21:09:26 18-Apr-2025,Argos,B,49.9609,-6.3063,440,4334,44,100,,,,,,
Leaf Cutter,225759,UT,21:26:00 18-Apr-2025,Argos,B,49.9611,-6.3070,706,1544,322,96,,,,,,
Leaf Cutter,225759,UT,21:27:14 18-Apr-2025,Argos,B,49.9720,-6.3292,499,2916,85,67,,,,,,
Leaf Cutter,225759,UT,22:03:17 18-Apr-2025,Argos,B,49.9715,-6.3317,706,10662,46,84,,,,,,
Leaf Cutter,225759,UT,00:54:46.615643 19-Apr-2025,FastGPS,5,49.9652,-6.3516,,,,,,,,,,
Leaf Cutter,225759,UT,05:21:44 19-Apr-2025,Argos,B,49.9642,-6.3537,1680,80445,35,75,,,,,,
Leaf Cutter,225759,UT,06:50:00 19-Apr-2025,Argos,B,49.9702,-6.3285,1285,37008,44,101,,,,,,
Leaf Cutter,225759,UT,07:05:42 19-Apr-2025,Argos,B,49.9725,-6.3399,1313,6278,274,100,,,,,,
Leaf Cutter,225759,UT,07:17:22.483877 19-Apr-2025,FastGPS,4,49.9777,-6.3781,,,,,,,,,,
Leaf Cutter,225759,UT,08:46:23 19-Apr-2025,Argos,B,49.9687,-6.3365,1838,3983,848,97,,,,,,
Leaf Cutter,225759,UT,09:20:49 19-Apr-2025,Argos,B,49.9737,-6.3469,1767,3514,888,87,,,,,,
Leaf Cutter,225759,UT,10:28:23 19-Apr-2025,Argos,B,49.9747,-6.3600,1269,12530,128,90,,,,,,
Leaf Cutter,225759,UT,11:14:02 19-Apr-2025,Argos,A,49.9868,-6.3567,195,752,50,85,,,,,,
Leaf Cutter,225759,UT,11:19:37 19-Apr-2025,Argos,B,49.9803,-6.3435,287,1517,54,64,,,,,,
Leaf Cutter,225759,UT,11:35:13.219408 19-Apr-2025,FastGPS,6,49.9958,-6.3282,,,,,,,,,,
Leaf Cutter,225759,UT,11:49:22 19-Apr-2025,Argos,A,50.0031,-6.3317,135,355,51,103,,,,,,
Leaf Cutter,225759,UT,15:05:11.232152 19-Apr-2025,FastGPS,7,50.0574,-6.3641,,,,,,,,,,
Leaf Cutter,225759,UT,16:01:05.026999 19-Apr-2025,FastGPS,8,50.0539,-6.3716,,,,,,,,,,
Leaf Cutter,225759,UT,16:43:02 19-Apr-2025,Argos,B,50.0346,-6.3703,1671,19886,140,70,,,,,,
Leaf Cutter,225759,UT,17:12:08.199905 19-Apr-2025,FastGPS,7,50.0094,-6.3505,,,,,,,,,,
Leaf Cutter,225759,UT,19:03:25 19-Apr-2025,Argos,B,50.0090,-6.4253,1868,4846,720,86,,,,,,
Leaf Cutter,225759,UT,20:15:54.220523 19-Apr-2025,FastGPS,6,49.9711,-6.3115,,,,,,,,,,
Leaf Cutter,225759,UT,20:17:32 19-Apr-2025,Argos,2,49.9740,-6.3038,497,2175,113,69,,,,,,
Leaf Cutter,225759,UT,20:55:20 19-Apr-2025,Argos,B,49.9688,-6.2911,1429,2466,827,84,,,,,,
Leaf Cutter,225759,UT,21:37:18 19-Apr-2025,Argos,2,49.9741,-6.3319,284,2393,33,85,,,,,,
Leaf Cutter,225759,UT,01:12:07 20-Apr-2025,Argos,B,49.9527,-6.3484,1812,3465,947,97,,,,,,
Leaf Cutter,225759,UT,04:00:30.097608 20-Apr-2025,FastGPS,6,49.9742,-6.3283,,,,,,,,,,
Leaf Cutter,225759,UT,04:50:54.667695 20-Apr-2025,FastGPS,6,49.9744,-6.3284,,,,,,,,,,
Leaf Cutter,225759,UT,07:55:00 20-Apr-2025,Argos,B,49.9552,-6.2971,1757,24262,127,26,,,,,,
Leaf Cutter,225759,UT,08:02:15 20-Apr-2025,Argos,B,50.0105,-6.2692,1355,4782,383,28,,,,,,
Leaf Cutter,225759,UT,08:53:40.101593 20-Apr-2025,FastGPS,7,50.0510,-6.2214,,,,,,,,,,
Leaf Cutter,225759,UT,08:58:33 20-Apr-2025,Argos,B,50.0125,-6.2684,1498,2310,971,52,,,,,,
Leaf Cutter,225759,UT,09:57:39 20-Apr-2025,Argos,B,50.0136,-6.2607,1789,2410,1327,61,,,,,,
Leaf Cutter,225759,UT,10:03:07.523053 20-Apr-2025,FastGPS,4,50.0686,-6.1791,,,,,,,,,,
Leaf Cutter,225759,UT,10:07:41 20-Apr-2025,Argos,0,50.0758,-6.1800,4745,15722,1431,2,,,,,,
Leaf Cutter,225759,UT,10:39:30 20-Apr-2025,Argos,B,50.0503,-6.2482,781,11667,52,74,,,,,,
Leaf Cutter,225759,UT,10:59:38.179718 20-Apr-2025,FastGPS,4,50.0757,-6.1528,,,,,,,,,,
Leaf Cutter,225759,UT,10:59:56 20-Apr-2025,Argos,A,50.0728,-6.1311,1498,24574,91,105,,,,,,
Leaf Cutter,225759,UT,11:08:15 20-Apr-2025,Argos,A,50.0613,-6.1324,779,2436,249,135,,,,,,
Leaf Cutter,225759,UT,13:37:56.079752 20-Apr-2025,FastGPS,4,50.0790,-6.0751,,,,,,,,,,
Leaf Cutter,225759,UT,14:03:02.555738 20-Apr-2025,FastGPS,6,50.0818,-6.0695,,,,,,,,,,
Leaf Cutter,225759,UT,14:48:13 20-Apr-2025,Argos,B,50.0767,-6.0801,2259,11540,442,4,,,,,,
Leaf Cutter,225759,UT,15:03:00.386774 20-Apr-2025,FastGPS,5,50.0893,-6.0524,,,,,,,,,,
Leaf Cutter,225759,UT,17:35:31 20-Apr-2025,Argos,B,50.0835,-6.0754,1312,38255,45,76,,,,,,
Leaf Cutter,225759,UT,17:50:10.775413 20-Apr-2025,FastGPS,6,50.1102,-5.9733,,,,,,,,,,
Leaf Cutter,225759,UT,18:11:34 20-Apr-2025,Argos,B,50.1198,-5.9990,1861,43609,79,98,,,,,,
Leaf Cutter,225759,UT,18:35:09 20-Apr-2025,Argos,B,50.1182,-6.0225,3392,10268,1120,101,,,,,,
Leaf Cutter,225759,UT,19:48:36 20-Apr-2025,Argos,B,50.1508,-5.9257,1995,33334,119,53,,,,,,
Leaf Cutter,225759,UT,20:07:47 20-Apr-2025,Argos,0,50.1287,-5.9171,2038,10712,387,116,,,,,,
Leaf Cutter,225759,UT,20:49:54 20-Apr-2025,Argos,0,50.1350,-5.9635,2041,3833,1086,129,,,,,,
Leaf Cutter,225759,UT,21:04:17 20-Apr-2025,Argos,B,50.1389,-5.9611,2959,4357,2009,99,,,,,,
Leaf Cutter,225759,UT,21:18:30 20-Apr-2025,Argos,B,50.1411,-5.9599,4004,5846,2742,90,,,,,,
Leaf Cutter,225759,UT,21:32:21 20-Apr-2025,Argos,B,50.1393,-5.9609,3925,5597,2751,88,,,,,,
Leaf Cutter,225759,UT,21:48:15 20-Apr-2025,Argos,B,50.1484,-5.9545,3738,5685,2457,94,,,,,,
Leaf Cutter,225759,UT,22:33:07 20-Apr-2025,Argos,A,50.1871,-5.9384,499,1607,154,161,,,,,,
Leaf Cutter,225759,UT,22:38:41 20-Apr-2025,Argos,1,50.1670,-5.9325,532,5759,49,79,,,,,,
Leaf Cutter,225759,UT,22:43:24.286056 20-Apr-2025,FastGPS,4,50.1662,-5.9355,,,,,,,,,,
Leaf Cutter,225759,UT,22:45:53 20-Apr-2025,Argos,B,50.1698,-5.9339,465,1166,185,169,,,,,,
Leaf Cutter,225759,UT,22:58:44 20-Apr-2025,Argos,A,50.1830,-5.9322,575,1368,241,178,,,,,,
Leaf Cutter,225759,UT,01:12:28.355603 21-Apr-2025,FastGPS,6,50.1697,-5.9170,,,,,,,,,,
Leaf Cutter,225759,UT,04:08:06.674435 21-Apr-2025,FastGPS,4,50.1503,-5.9231,,,,,,,,,,
Leaf Cutter,225759,UT,05:16:19.575006 21-Apr-2025,FastGPS,4,50.1531,-5.9322,,,,,,,,,,
Leaf Cutter,225759,UT,05:37:54 21-Apr-2025,Argos,B,50.1636,-5.9300,6275,22194,1774,89,,,,,,
Leaf Cutter,225759,UT,05:51:50 21-Apr-2025,Argos,B,50.1644,-5.9208,6190,64670,592,83,,,,,,
Leaf Cutter,225759,UT,07:28:50 21-Apr-2025,Argos,B,50.1989,-5.8987,5536,24919,1230,84,,,,,,
Leaf Cutter,225759,UT,08:53:22 21-Apr-2025,Argos,B,50.2024,-5.9098,5403,14538,2007,92,,,,,,
Leaf Cutter,225759,UT,09:37:51 21-Apr-2025,Argos,B,50.2068,-5.9002,3167,6689,1499,93,,,,,,
Leaf Cutter,225759,UT,09:37:51 21-Apr-2025,Argos,0,50.1943,-5.9279,4430,24406,803,135,,,,,,
Leaf Cutter,225759,UT,10:34:38.667295 21-Apr-2025,FastGPS,4,50.1801,-5.9470,,,,,,,,,,
Leaf Cutter,225759,UT,10:48:53 21-Apr-2025,Argos,B,50.2169,-5.9144,12078,18580,7850,94,,,,,,
Leaf Cutter,225759,UT,11:18:59 21-Apr-2025,Argos,B,50.2155,-5.9151,15053,20429,11090,58,,,,,,
Leaf Cutter,225759,UT,12:20:58 21-Apr-2025,Argos,B,50.2314,-5.9064,15052,21916,10336,64,,,,,,
Leaf Cutter,225759,UT,12:30:33 21-Apr-2025,Argos,B,50.2097,-5.9511,2104,2829,1564,35,,,,,,
Leaf Cutter,225759,UT,12:36:01 21-Apr-2025,Argos,B,50.1961,-5.9542,1615,2320,1124,74,,,,,,
Leaf Cutter,225759,UT,12:46:48.501370 21-Apr-2025,FastGPS,6,50.1855,-5.9902,,,,,,,,,,
Leaf Cutter,225759,UT,12:52:22 21-Apr-2025,Argos,A,50.2361,-6.0185,3717,16730,825,149,,,,,,
Leaf Cutter,225759,UT,14:14:00 21-Apr-2025,Argos,B,50.2607,-6.0059,7115,9410,5379,111,,,,,,
Leaf Cutter,225759,UT,15:13:10.645640 21-Apr-2025,FastGPS,6,50.2119,-5.9861,,,,,,,,,,
Leaf Cutter,225759,UT,15:22:31 21-Apr-2025,Argos,B,50.2627,-5.9994,7574,9098,6304,66,,,,,,
Leaf Cutter,225759,UT,16:27:14.155097 21-Apr-2025,FastGPS,4,50.2210,-5.9574,,,,,,,,,,
Leaf Cutter,225759,UT,16:57:36 21-Apr-2025,Argos,B,50.2360,-6.0130,6162,10208,3719,92,,,,,,
Leaf Cutter,225759,UT,17:41:24.597303 21-Apr-2025,FastGPS,7,50.2112,-5.9229,,,,,,,,,,
Leaf Cutter,225759,UT,18:00:29 21-Apr-2025,Argos,B,50.2502,-6.0005,1978,5380,726,99,,,,,,
Leaf Cutter,225759,UT,18:34:37 21-Apr-2025,Argos,B,50.2368,-6.0032,2003,6647,603,99,,,,,,
Leaf Cutter,225759,UT,18:53:56.920628 21-Apr-2025,FastGPS,4,50.1961,-5.8987,,,,,,,,,,
Leaf Cutter,225759,UT,19:25:28 21-Apr-2025,Argos,B,50.2050,-5.8470,4171,151426,114,77,,,,,,
Leaf Cutter,225759,UT,19:36:19 21-Apr-2025,Argos,B,50.1948,-5.8895,331,1464,74,142,,,,,,
Leaf Cutter,225759,UT,20:13:23 21-Apr-2025,Argos,B,50.2528,-5.9098,1630,3447,770,139,,,,,,
Leaf Cutter,225759,UT,20:40:02 21-Apr-2025,Argos,B,50.2402,-5.9047,1428,17715,115,156,,,,,,
Leaf Cutter,225759,UT,20:59:23 21-Apr-2025,Argos,B,50.1913,-5.8756,471,6305,35,88,,,,,,
Leaf Cutter,225759,UT,21:02:51 21-Apr-2025,Argos,A,50.1878,-5.8620,519,818,328,55,,,,,,
Leaf Cutter,225759,UT,21:45:21 21-Apr-2025,Argos,B,50.1989,-5.8622,711,4679,108,80,,,,,,
Leaf Cutter,225759,UT,22:32:28 21-Apr-2025,Argos,B,50.2029,-5.8470,2406,5558,1041,83,,,,,,
Leaf Cutter,225759,UT,22:38:08 21-Apr-2025,Argos,B,50.2012,-5.8530,1404,3709,531,80,,,,,,
Leaf Cutter,225759,UT,01:23:16 22-Apr-2025,Argos,B,50.2461,-5.7727,2252,7128,711,101,,,,,,
Leaf Cutter,225759,UT,04:56:56 22-Apr-2025,Argos,B,50.2365,-5.7147,2062,62726,67,71,,,,,,
Leaf Cutter,225759,UT,06:39:23 22-Apr-2025,Argos,A,50.2034,-5.7421,1124,40771,31,100,,,,,,
Leaf Cutter,225759,UT,07:01:39 22-Apr-2025,Argos,B,50.2037,-5.7458,1976,7301,534,99,,,,,,
Leaf Cutter,225759,UT,07:33:44 22-Apr-2025,Argos,A,50.1867,-5.7210,365,1276,104,39,,,,,,
Leaf Cutter,225759,UT,09:09:21 22-Apr-2025,Argos,B,50.1609,-5.6700,965,10779,86,48,,,,,,
Leaf Cutter,225759,UT,09:58:03 22-Apr-2025,Argos,B,50.1514,-5.6482,1349,2449,742,61,,,,,,
Leaf Cutter,225759,UT,10:35:30 22-Apr-2025,Argos,B,50.1253,-5.6738,1210,15653,93,121,,,,,,
Leaf Cutter,225759,UT,10:41:51 22-Apr-2025,Argos,B,50.1311,-5.6842,2679,12720,564,119,,,,,,
Leaf Cutter,225759,UT,11:36:21 22-Apr-2025,Argos,B,50.1118,-5.6940,3215,5702,1812,109,,,,,,
Leaf Cutter,225759,UT,12:24:01 22-Apr-2025,Argos,B,50.1143,-5.6986,1107,20898,58,130,,,,,,
Leaf Cutter,225759,UT,12:25:36 22-Apr-2025,Argos,B,50.1090,-5.6946,1215,9174,160,132,,,,,,
Leaf Cutter,225759,UT,13:14:16 22-Apr-2025,Argos,A,50.0720,-5.6913,1551,15578,154,111,,,,,,
Leaf Cutter,225759,UT,14:02:28 22-Apr-2025,Argos,B,50.0492,-5.6924,2020,5247,777,108,,,,,,
Leaf Cutter,225759,UT,14:15:34.332764 22-Apr-2025,FastGPS,4,50.0575,-5.7189,,,,,,,,,,
Leaf Cutter,225759,UT,17:57:12 22-Apr-2025,Argos,B,49.9522,-5.6726,2391,4487,1273,108,,,,,,
Leaf Cutter,225759,UT,19:07:23 22-Apr-2025,Argos,B,50.0396,-5.7024,2074,124986,34,103,,,,,,
Leaf Cutter,225759,UT,20:40:01 22-Apr-2025,Argos,B,50.0333,-5.7268,1453,3680,574,84,,,,,,
Leaf Cutter,225759,UT,20:43:28 22-Apr-2025,Argos,B,50.0406,-5.7200,1474,4832,449,83,,,,,,
Leaf Cutter,225759,UT,05:31:00.696737 24-Apr-2025,FastGPS,4,50.0506,-5.6939,,,,,,,,,,
Leaf Cutter,225759,UT,16:00:27.819816 24-Apr-2025,FastGPS,5,50.0509,-5.6935,,,,,,,,,,
Leaf Cutter,225759,UT,20:34:34.001273 24-Apr-2025,FastGPS,4,50.0494,-5.6917,,,,,,,,,,
Leaf Cutter,225759,UT,21:22:00 24-Apr-2025,Argos,A,50.0434,-5.7371,459,2207,95,67,,,,,,
Leaf Cutter,225759,UT,21:35:02 24-Apr-2025,Argos,B,50.0504,-5.7183,381,1304,111,140,,,,,,
Leaf Cutter,225759,UT,21:40:12 24-Apr-2025,Argos,B,50.0495,-5.7174,496,814,301,126,,,,,,
Leaf Cutter,225759,UT,23:00:10.197859 24-Apr-2025,FastGPS,4,50.0225,-5.7632,,,,,,,,,,
Leaf Cutter,225759,UT,23:04:37 24-Apr-2025,Argos,B,50.0509,-5.7210,1323,1918,911,91,,,,,,
Leaf Cutter,225759,UT,23:22:07 24-Apr-2025,Argos,B,50.0848,-5.7467,2790,6451,1206,83,,,,,,
Leaf Cutter,225759,UT,23:22:07 24-Apr-2025,Argos,A,50.0400,-5.7951,3587,18833,683,129,,,,,,
Leaf Cutter,225759,UT,23:27:44 24-Apr-2025,Argos,A,50.0194,-5.7799,1581,14606,171,90,,,,,,
Leaf Cutter,225759,UT,00:39:40 25-Apr-2025,Argos,1,49.9966,-5.7702,1444,5810,358,162,,,,,,
Leaf Cutter,225759,UT,02:21:09.746062 25-Apr-2025,FastGPS,4,49.9909,-5.7945,,,,,,,,,,
Leaf Cutter,225759,UT,03:51:19 25-Apr-2025,Argos,B,49.9660,-5.7707,4952,7085,3460,91,,,,,,
Leaf Cutter,225759,UT,05:21:38 25-Apr-2025,Argos,B,49.9587,-5.7718,5323,6871,4123,108,,,,,,
Leaf Cutter,225759,UT,06:11:30 25-Apr-2025,Argos,B,49.9178,-5.7773,3438,15095,783,100,,,,,,
Leaf Cutter,225759,UT,07:01:13 25-Apr-2025,Argos,B,49.8938,-5.7725,1909,6808,535,95,,,,,,
Leaf Cutter,225759,UT,07:51:36 25-Apr-2025,Argos,B,49.8883,-5.7711,1358,14825,124,118,,,,,,
Leaf Cutter,225759,UT,07:53:00 25-Apr-2025,Argos,B,49.8802,-5.7574,415,6485,26,99,,,,,,
Leaf Cutter,225759,UT,11:20:25.880169 25-Apr-2025,FastGPS,6,49.8507,-5.8498,,,,,,,,,,
Leaf Cutter,225759,UT,13:03:36.390990 25-Apr-2025,FastGPS,4,49.8735,-5.8672,,,,,,,,,,
Leaf Cutter,225759,UT,17:26:48 25-Apr-2025,Argos,1,49.8232,-5.7788,766,3228,181,91,,,,,,
Leaf Cutter,225759,UT,19:11:38.052762 25-Apr-2025,FastGPS,7,49.7824,-5.7648,,,,,,,,,,
Leaf Cutter,225759,UT,19:15:51 25-Apr-2025,Argos,B,49.7827,-5.7833,11600,18049,7455,89,,,,,,
Leaf Cutter,225759,UT,19:18:56 25-Apr-2025,Argos,B,49.7912,-5.7835,10574,112661,992,154,,,,,,
Leaf Cutter,225759,UT,19:43:01 25-Apr-2025,Argos,B,49.7840,-5.7819,1710,3899,749,151,,,,,,
Leaf Cutter,225759,UT,19:57:11 25-Apr-2025,Argos,B,49.8129,-5.7978,1086,1582,745,29,,,,,,
Leaf Cutter,225759,UT,20:21:31.156933 25-Apr-2025,FastGPS,6,49.7719,-5.7818,,,,,,,,,,
Leaf Cutter,225759,UT,20:28:42 25-Apr-2025,Argos,B,49.7990,-5.7999,1316,1668,1037,53,,,,,,
Leaf Cutter,225759,UT,20:50:19 25-Apr-2025,Argos,B,49.7887,-5.7948,875,6427,119,129,,,,,,
Leaf Cutter,225759,UT,21:00:34 25-Apr-2025,Argos,A,49.7823,-5.7822,460,1095,193,60,,,,,,
Leaf Cutter,225759,UT,21:01:31.657000 25-Apr-2025,FastGPS,8,49.7718,-5.8048,,,,,,,,,,
Leaf Cutter,225759,UT,21:10:02.708681 25-Apr-2025,FastGPS,6,49.7730,-5.8109,,,,,,,,,,
Leaf Cutter,225759,UT,21:10:59 25-Apr-2025,Argos,0,49.7864,-5.7699,2367,42578,131,83,,,,,,
Leaf Cutter,225759,UT,21:29:30 25-Apr-2025,Argos,0,49.7918,-5.7470,1627,25228,104,79,,,,,,
Leaf Cutter,225759,UT,21:32:46 25-Apr-2025,Argos,A,49.7687,-5.8332,687,2362,199,106,,,,,,
Leaf Cutter,225759,UT,22:11:41 25-Apr-2025,Argos,B,49.7533,-5.8365,3358,5272,2139,91,,,,,,
Leaf Cutter,225759,UT,22:56:20 25-Apr-2025,Argos,0,49.7730,-5.8448,4121,11028,1539,162,,,,,,
Leaf Cutter,225759,UT,23:12:11 25-Apr-2025,Argos,A,49.8134,-5.8560,804,1607,401,42,,,,,,
Leaf Cutter,225759,UT,23:16:37 25-Apr-2025,Argos,3,49.8014,-5.8580,117,303,44,90,,,,,,
Leaf Cutter,225759,UT,23:56:58 25-Apr-2025,Argos,2,49.8153,-5.8904,418,4555,38,78,,,,,,
Leaf Cutter,225759,UT,01:30:24 26-Apr-2025,Argos,B,49.8175,-5.9237,3432,5691,2070,86,,,,,,
Leaf Cutter,225759,UT,01:31:02.926513 26-Apr-2025,FastGPS,4,49.8497,-5.8831,,,,,,,,,,
Leaf Cutter,225759,UT,07:20:55.494690 26-Apr-2025,FastGPS,6,49.7959,-5.8786,,,,,,,,,,
Leaf Cutter,225759,UT,07:28:14 26-Apr-2025,Argos,B,49.8100,-5.8790,2377,10517,537,140,,,,,,
Leaf Cutter,225759,UT,09:29:59 26-Apr-2025,Argos,B,49.7993,-5.9026,1820,2900,1142,116,,,,,,
Leaf Cutter,225759,UT,09:50:59 26-Apr-2025,Argos,B,49.7544,-5.8489,1254,36916,42,73,,,,,,
Leaf Cutter,225759,UT,10:48:46 26-Apr-2025,Argos,B,49.7524,-5.8618,1610,4542,570,77,,,,,,
Leaf Cutter,225759,UT,11:11:07 26-Apr-2025,Argos,B,49.7452,-5.8696,1664,4840,571,79,,,,,,
Leaf Cutter,225759,UT,11:23:59 26-Apr-2025,Argos,B,49.7400,-5.8644,1714,5126,573,81,,,,,,
Leaf Cutter,225759,UT,11:47:54.857924 26-Apr-2025,FastGPS,7,49.7126,-5.8955,,,,,,,,,,
Leaf Cutter,225759,UT,11:56:56 26-Apr-2025,Argos,B,49.7334,-5.8856,1798,4712,686,85,,,,,,
Leaf Cutter,225759,UT,12:48:02 26-Apr-2025,Argos,A,49.7609,-5.8778,1269,4551,353,9,,,,,,
Leaf Cutter,225759,UT,14:19:04.932925 26-Apr-2025,FastGPS,5,49.7081,-5.8394,,,,,,,,,,
Leaf Cutter,225759,UT,15:10:37 26-Apr-2025,Argos,0,49.6626,-5.8233,1820,5085,651,8,,,,,,
Leaf Cutter,225759,UT,15:13:56 26-Apr-2025,Argos,B,49.7365,-5.7845,1676,6128,458,25,,,,,,
Leaf Cutter,225759,UT,16:48:17.237482 26-Apr-2025,FastGPS,6,49.7150,-5.7416,,,,,,,,,,
Leaf Cutter,225759,UT,16:49:50 26-Apr-2025,Argos,0,49.7145,-5.7665,10602,399560,281,80,,,,,,
Leaf Cutter,225759,UT,18:29:17 26-Apr-2025,Argos,B,49.7380,-5.7701,11347,53330,2414,79,,,,,,
Leaf Cutter,225759,UT,18:39:19 26-Apr-2025,Argos,3,49.7251,-5.6652,153,908,25,100,,,,,,
Leaf Cutter,225759,UT,18:52:00 26-Apr-2025,Argos,A,49.7350,-5.6691,2542,25266,255,79,,,,,,
Leaf Cutter,225759,UT,19:15:25.512423 26-Apr-2025,FastGPS,8,49.7335,-5.6651,,,,,,,,,,
Leaf Cutter,225759,UT,20:10:57.961012 26-Apr-2025,FastGPS,5,49.7360,-5.6578,,,,,,,,,,
Leaf Cutter,225759,UT,20:16:51 26-Apr-2025,Argos,B,49.7386,-5.6617,819,4903,136,34,,,,,,
Leaf Cutter,225759,UT,20:35:27 26-Apr-2025,Argos,A,49.7401,-5.6654,2228,7430,668,53,,,,,,
Leaf Cutter,225759,UT,20:51:03 26-Apr-2025,Argos,A,49.7431,-5.7398,1181,8325,167,89,,,,,,
Leaf Cutter,225759,UT,21:14:05 26-Apr-2025,Argos,0,49.7396,-5.7432,1946,13778,274,78,,,,,,
Leaf Cutter,225759,UT,21:22:00 26-Apr-2025,Argos,B,49.7438,-5.7639,1600,18470,138,76,,,,,,
Leaf Cutter,225759,UT,21:41:00 26-Apr-2025,Argos,B,49.7385,-5.7554,3851,11037,1343,84,,,,,,
Leaf Cutter,225759,UT,21:56:33 26-Apr-2025,Argos,B,49.7406,-5.7479,1010,2105,484,78,,,,,,
Leaf Cutter,225759,UT,22:32:24 26-Apr-2025,Argos,B,49.7468,-5.7723,1278,2418,675,82,,,,,,
Leaf Cutter,225759,UT,23:05:09 26-Apr-2025,Argos,B,49.8125,-5.7475,1824,11425,291,118,,,,,,
Leaf Cutter,225759,UT,23:05:09 26-Apr-2025,Argos,B,49.8064,-5.7735,2853,7830,1039,89,,,,,,
Leaf Cutter,225759,UT,23:15:13.298071 26-Apr-2025,FastGPS,5,49.7996,-5.7370,,,,,,,,,,
Leaf Cutter,225759,UT,00:42:30 27-Apr-2025,Argos,B,49.7597,-5.7618,1424,2363,858,141,,,,,,
Leaf Cutter,225759,UT,00:46:28 27-Apr-2025,Argos,0,49.8531,-5.7392,2666,12957,548,134,,,,,,
Leaf Cutter,225759,UT,02:34:35.469656 27-Apr-2025,FastGPS,8,49.9138,-5.7558,,,,,,,,,,
Leaf Cutter,225759,UT,04:54:36 27-Apr-2025,Argos,B,49.8702,-5.7293,14559,22056,9610,94,,,,,,
Leaf Cutter,225759,UT,05:57:21 27-Apr-2025,Argos,A,49.9811,-5.7076,565,2623,121,94,,,,,,
Leaf Cutter,225759,UT,06:28:11 27-Apr-2025,Argos,B,49.9966,-5.7056,3198,6006,1703,96,,,,,,
Leaf Cutter,225759,UT,07:02:31 27-Apr-2025,Argos,B,50.0128,-5.7008,3903,5078,2999,94,,,,,,
Leaf Cutter,225759,UT,07:44:36 27-Apr-2025,Argos,B,50.0141,-5.7024,3653,5833,2287,98,,,,,,
Leaf Cutter,225759,UT,08:00:55.165809 27-Apr-2025,FastGPS,6,49.9840,-5.7180,,,,,,,,,,
Leaf Cutter,225759,UT,08:04:15 27-Apr-2025,Argos,B,49.9966,-5.7128,1563,2309,1058,119,,,,,,
Leaf Cutter,225759,UT,08:47:06 27-Apr-2025,Argos,B,50.0218,-5.7062,1815,2412,1365,117,,,,,,
Leaf Cutter,225759,UT,09:37:16 27-Apr-2025,Argos,B,49.9929,-5.7153,1922,2922,1264,107,,,,,,
Leaf Cutter,225759,UT,09:55:05 27-Apr-2025,Argos,B,49.9914,-5.7324,1175,11275,122,66,,,,,,
Leaf Cutter,225759,UT,10:24:24 27-Apr-2025,Argos,B,50.0009,-5.7823,1081,7110,164,23,,,,,,
Leaf Cutter,225759,UT,10:24:25.559479 27-Apr-2025,FastGPS,4,49.9870,-5.7792,,,,,,,,,,
Leaf Cutter,225759,UT,10:55:52 27-Apr-2025,Argos,B,50.0055,-5.7381,1685,2960,958,79,,,,,,
Leaf Cutter,225759,UT,11:12:00 27-Apr-2025,Argos,A,49.9823,-5.8635,1945,9015,419,60,,,,,,
Leaf Cutter,225759,UT,11:20:35 27-Apr-2025,Argos,B,49.9884,-5.8598,2462,5945,1019,73,,,,,,
Leaf Cutter,225759,UT,11:39:00 27-Apr-2025,Argos,A,50.0278,-5.8258,1873,11447,306,115,,,,,,
Leaf Cutter,225759,UT,12:23:44 27-Apr-2025,Argos,A,50.0607,-5.8437,341,518,224,85,,,,,,
Leaf Cutter,225759,UT,12:50:51 27-Apr-2025,Argos,B,50.0758,-5.8420,522,4745,57,110,,,,,,
Leaf Cutter,225759,UT,12:52:52 27-Apr-2025,Argos,B,50.0691,-5.8224,196,365,105,68,,,,,,
Leaf Cutter,225759,UT,13:01:13 27-Apr-2025,Argos,B,50.0727,-5.8214,372,723,191,105,,,,,,
Leaf Cutter,225759,UT,14:20:45 27-Apr-2025,Argos,B,50.1123,-5.8559,886,7410,105,43,,,,,,
Leaf Cutter,225759,UT,16:03:28 27-Apr-2025,Argos,B,50.1624,-5.8689,1599,2343,1090,73,,,,,,
Leaf Cutter,225759,UT,16:11:37 27-Apr-2025,Argos,B,50.1561,-5.8779,1704,2569,1130,70,,,,,,
Leaf Cutter,225759,UT,16:25:31.866927 27-Apr-2025,FastGPS,7,58.6895,-24.7196,,,,,,,,,,
Leaf Cutter,225759,UT,17:41:19.119985 27-Apr-2025,FastGPS,6,50.1574,-5.7621,,,,,,,,,,
Leaf Cutter,225759,UT,18:10:52 27-Apr-2025,Argos,B,50.2053,-5.8919,2863,3986,2055,125,,,,,,
Leaf Cutter,225759,UT,18:23:56 27-Apr-2025,Argos,B,50.1942,-5.8806,2888,6446,1293,122,,,,,,
Leaf Cutter,225759,UT,18:52:08.415610 27-Apr-2025,FastGPS,6,50.1185,-5.7397,,,,,,,,,,
Leaf Cutter,225759,UT,19:41:11 27-Apr-2025,Argos,B,50.2248,-5.8988,3126,6241,1565,119,,,,,,
Leaf Cutter,225759,UT,19:42:08 27-Apr-2025,Argos,2,50.0952,-5.7225,404,816,199,92,,,,,,
Leaf Cutter,225759,UT,20:01:09.799411 27-Apr-2025,FastGPS,6,50.0935,-5.7325,,,,,,,,,,
Leaf Cutter,225759,UT,20:05:29 27-Apr-2025,Argos,B,50.0971,-5.7212,1837,15341,219,86,,,,,,
Leaf Cutter,225759,UT,21:01:50 27-Apr-2025,Argos,A,50.0856,-5.6998,389,2206,68,58,,,,,,
Leaf Cutter,225759,UT,21:06:24.311109 27-Apr-2025,FastGPS,6,50.0842,-5.7134,,,,,,,,,,
Leaf Cutter,225759,UT,21:08:28 27-Apr-2025,Argos,B,50.0857,-5.6998,522,1092,249,66,,,,,,
Leaf Cutter,225759,UT,21:19:46 27-Apr-2025,Argos,3,50.0783,-5.7221,241,482,120,67,,,,,,
Leaf Cutter,225759,UT,21:27:35 27-Apr-2025,Argos,B,50.0783,-5.7217,658,1041,415,88,,,,,,
Leaf Cutter,225759,UT,22:11:33 27-Apr-2025,Argos,3,50.0570,-5.7154,195,343,110,96,,,,,,
Leaf Cutter,225759,UT,22:47:51 27-Apr-2025,Argos,2,50.0522,-5.6935,341,842,137,69,,,,,,
Leaf Cutter,225759,UT,22:49:59 27-Apr-2025,Argos,3,50.0515,-5.6850,116,561,24,79,,,,,,
Leaf Cutter,225759,UT,01:40:30 28-Apr-2025,Argos,A,50.0273,-5.6818,763,3294,176,141,,,,,,
Leaf Cutter,225759,UT,03:05:29.468306 28-Apr-2025,FastGPS,4,50.0469,-5.7033,,,,,,,,,,
Leaf Cutter,225759,UT,05:31:36 28-Apr-2025,Argos,B,49.9886,-5.6501,3532,5338,2336,91,,,,,,
Leaf Cutter,225759,UT,05:44:51 28-Apr-2025,Argos,B,50.0053,-5.6640,2371,4313,1303,87,,,,,,
Leaf Cutter,225759,UT,06:00:16.329799 28-Apr-2025,FastGPS,4,49.9880,-5.6857,,,,,,,,,,
Leaf Cutter,225759,UT,07:08:53 28-Apr-2025,Argos,B,49.9790,-5.6501,2019,5809,701,88,,,,,,
Leaf Cutter,225759,UT,07:28:03 28-Apr-2025,Argos,B,49.9660,-5.6538,2019,7582,537,90,,,,,,
Leaf Cutter,225759,UT,09:00:36 28-Apr-2025,Argos,B,50.0161,-5.6196,8541,31366,2325,91,,,,,,
Leaf Cutter,225759,UT,09:24:14 28-Apr-2025,Argos,B,50.0065,-5.5931,8561,27668,2648,88,,,,,,
Leaf Cutter,225759,UT,10:29:36 28-Apr-2025,Argos,B,50.0039,-5.5810,9367,25791,3401,92,,,,,,
Leaf Cutter,225759,UT,10:59:50 28-Apr-2025,Argos,B,49.9626,-5.6868,5526,76309,400,114,,,,,,
Leaf Cutter,225759,UT,11:01:51 28-Apr-2025,Argos,B,49.9361,-5.6313,825,1246,546,47,,,,,,
Leaf Cutter,225759,UT,11:11:36 28-Apr-2025,Argos,B,49.9280,-5.6291,2360,7439,748,108,,,,,,
Leaf Cutter,225759,UT,12:04:26 28-Apr-2025,Argos,B,49.9089,-5.6711,1370,2576,728,99,,,,,,
Leaf Cutter,225759,UT,12:04:26 28-Apr-2025,Argos,B,49.9082,-5.6705,1381,2581,738,100,,,,,,
Leaf Cutter,225759,UT,12:42:43 28-Apr-2025,Argos,B,49.8934,-5.7011,1590,2767,912,98,,,,,,
Leaf Cutter,225759,UT,12:42:43 28-Apr-2025,Argos,B,49.9045,-5.6615,1263,9466,168,6,,,,,,
Leaf Cutter,225759,UT,13:37:34 28-Apr-2025,Argos,A,49.9176,-5.7184,181,220,149,76,,,,,,
Leaf Cutter,225759,UT,13:46:22 28-Apr-2025,Argos,B,49.8868,-5.7456,1855,8759,393,39,,,,,,
Leaf Cutter,225759,UT,14:15:34.412691 28-Apr-2025,FastGPS,4,49.9319,-5.7330,,,,,,,,,,
Leaf Cutter,225759,UT,15:18:41 28-Apr-2025,Argos,B,49.8753,-5.8087,2188,3895,1229,51,,,,,,
Leaf Cutter,225759,UT,15:29:13.219578 28-Apr-2025,FastGPS,8,49.9650,-5.7548,,,,,,,,,,
Leaf Cutter,225759,UT,15:29:30 28-Apr-2025,Argos,B,49.9062,-5.7861,2582,7169,929,72,,,,,,
Leaf Cutter,225759,UT,16:40:00.370774 28-Apr-2025,FastGPS,4,49.9796,-5.7719,,,,,,,,,,
Leaf Cutter,225759,UT,17:05:27 28-Apr-2025,Argos,B,49.8813,-5.8250,1898,17518,205,33,,,,,,
Leaf Cutter,225759,UT,18:04:54.012077 28-Apr-2025,FastGPS,4,49.9999,-5.7670,,,,,,,,,,
Leaf Cutter,225759,UT,18:44:07 28-Apr-2025,Argos,B,49.9395,-5.8567,1990,2930,1351,49,,,,,,
Leaf Cutter,225759,UT,19:12:13 28-Apr-2025,Argos,A,49.9932,-5.6875,221,1181,41,91,,,,,,
Leaf Cutter,225759,UT,19:40:57 28-Apr-2025,Argos,B,49.9953,-5.6987,953,29853,30,95,,,,,,
Leaf Cutter,225759,UT,20:12:11 28-Apr-2025,Argos,B,49.9875,-5.7312,1051,7417,149,82,,,,,,
Leaf Cutter,225759,UT,20:49:49 28-Apr-2025,Argos,1,50.0137,-5.6646,765,2165,270,65,,,,,,
Leaf Cutter,225759,UT,20:51:44 28-Apr-2025,Argos,A,50.0143,-5.6642,706,978,509,43,,,,,,
Leaf Cutter,225759,UT,20:59:48 28-Apr-2025,Argos,B,50.0141,-5.6626,458,779,269,91,,,,,,
Leaf Cutter,225759,UT,21:01:44 28-Apr-2025,Argos,B,50.0154,-5.6626,496,831,295,91,,,,,,
Leaf Cutter,225759,UT,21:11:50.204000 28-Apr-2025,FastGPS,8,50.0202,-5.6802,,,,,,,,,,
Leaf Cutter,225759,UT,21:22:26 28-Apr-2025,Argos,B,50.0181,-5.6622,788,1274,487,91,,,,,,
Leaf Cutter,225759,UT,21:56:58 28-Apr-2025,Argos,3,50.0479,-5.6927,156,431,56,90,,,,,,
Leaf Cutter,225759,UT,22:35:01 28-Apr-2025,Argos,B,50.0613,-5.7029,1405,2335,845,86,,,,,,
Leaf Cutter,225759,UT,04:32:39.962990 29-Apr-2025,FastGPS,5,50.0323,-5.7218,,,,,,,,,,
Leaf Cutter,225759,UT,05:04:38.837177 29-Apr-2025,FastGPS,7,50.0246,-5.7234,,,,,,,,,,
Leaf Cutter,225759,UT,06:00:49.274494 29-Apr-2025,FastGPS,4,50.0058,-5.7158,,,,,,,,,,
Leaf Cutter,225759,UT,06:34:55 29-Apr-2025,Argos,B,50.0127,-5.6560,4101,8353,2013,76,,,,,,
Leaf Cutter,225759,UT,07:13:42.841967 29-Apr-2025,FastGPS,7,49.9654,-5.6996,,,,,,,,,,
Leaf Cutter,225759,UT,07:46:16 29-Apr-2025,Argos,A,49.9293,-5.6802,1808,5675,575,141,,,,,,
Leaf Cutter,225759,UT,08:20:35 29-Apr-2025,Argos,B,49.9190,-5.6858,4824,6948,3348,99,,,,,,
Leaf Cutter,225759,UT,10:06:21 29-Apr-2025,Argos,B,49.9132,-5.7343,3654,90039,148,69,,,,,,
Leaf Cutter,225759,UT,10:48:26 29-Apr-2025,Argos,0,49.9112,-5.7212,9427,329283,269,101,,,,,,
Leaf Cutter,225759,UT,10:50:24 29-Apr-2025,Argos,B,49.9130,-5.7334,1123,1409,894,21,,,,,,
Leaf Cutter,225759,UT,10:50:47 29-Apr-2025,Argos,A,49.9113,-5.7315,1183,2665,525,71,,,,,,
Leaf Cutter,225759,UT,11:43:08 29-Apr-2025,Argos,B,49.9221,-5.6919,8441,14331,4971,115,,,,,,
Leaf Cutter,225759,UT,12:00:37.244098 29-Apr-2025,FastGPS,4,49.9146,-5.7945,,,,,,,,,,
Leaf Cutter,225759,UT,12:34:44 29-Apr-2025,Argos,B,49.9258,-5.6878,10624,16051,7031,99,,,,,,
Leaf Cutter,225759,UT,12:35:59 29-Apr-2025,Argos,A,49.9412,-5.8552,1041,9676,112,105,,,,,,
Leaf Cutter,225759,UT,12:59:32 29-Apr-2025,Argos,B,49.9261,-5.6859,7439,11701,4728,96,,,,,,
Leaf Cutter,225759,UT,13:25:24 29-Apr-2025,Argos,B,49.9225,-5.6980,5705,8909,3652,99,,,,,,
Leaf Cutter,225759,UT,14:11:30 29-Apr-2025,Argos,B,49.9179,-5.6934,1802,2780,1167,98,,,,,,
Leaf Cutter,225759,UT,14:35:12 29-Apr-2025,Argos,B,49.9459,-5.7435,1792,2650,1211,88,,,,,,
Leaf Cutter,225759,UT,14:49:28 29-Apr-2025,Argos,B,49.9743,-5.7691,1698,2886,999,79,,,,,,
Leaf Cutter,225759,UT,15:27:58.492456 29-Apr-2025,FastGPS,4,50.0296,-5.9187,,,,,,,,,,
Leaf Cutter,225759,UT,16:17:23 29-Apr-2025,Argos,B,49.9659,-5.7702,2061,3154,1346,83,,,,,,
Leaf Cutter,225759,UT,17:03:01.462552 29-Apr-2025,FastGPS,6,50.0986,-5.9361,,,,,,,,,,
Leaf Cutter,225759,UT,18:00:03.710641 29-Apr-2025,FastGPS,4,50.1187,-5.9333,,,,,,,,,,
Leaf Cutter,225759,UT,18:02:18 29-Apr-2025,Argos,B,50.0177,-5.9382,3191,35077,290,9,,,,,,
Leaf Cutter,225759,UT,18:46:05 29-Apr-2025,Argos,B,50.1207,-5.9307,2936,13649,631,107,,,,,,
Leaf Cutter,225759,UT,19:15:54 29-Apr-2025,Argos,B,50.1421,-5.9374,2896,6933,1209,100,,,,,,
Leaf Cutter,225759,UT,19:54:06 29-Apr-2025,Argos,B,50.1590,-5.9369,5449,7659,3876,112,,,,,,
Leaf Cutter,225759,UT,20:26:10 29-Apr-2025,Argos,B,50.1629,-5.9312,3445,6380,1860,86,,,,,,
Leaf Cutter,225759,UT,20:48:13 29-Apr-2025,Argos,B,50.1845,-5.9407,1580,2828,882,91,,,,,,
Leaf Cutter,225759,UT,20:48:13 29-Apr-2025,Argos,B,50.1555,-5.9276,1808,2323,1406,84,,,,,,
Leaf Cutter,225759,UT,20:55:01 29-Apr-2025,Argos,B,50.1501,-5.9290,1692,2524,1134,90,,,,,,
Leaf Cutter,225759,UT,21:32:47 29-Apr-2025,Argos,A,50.1253,-5.8951,420,1574,111,54,,,,,,
Leaf Cutter,225759,UT,22:19:41 29-Apr-2025,Argos,B,50.1180,-5.8944,1205,14028,103,80,,,,,,
Leaf Cutter,225759,UT,22:20:39 29-Apr-2025,Argos,B,50.1165,-5.9004,560,5525,56,87,,,,,,
Leaf Cutter,225759,UT,00:01:44 30-Apr-2025,Argos,B,50.1413,-5.9596,1978,5741,681,89,,,,,,
Leaf Cutter,225759,UT,00:11:49 30-Apr-2025,Argos,B,50.1402,-5.9527,2038,3793,1094,98,,,,,,
Leaf Cutter,225759,UT,04:32:20 30-Apr-2025,Argos,B,50.1886,-5.9676,1825,57440,58,64,,,,,,
Leaf Cutter,225759,UT,04:36:55.808903 30-Apr-2025,FastGPS,6,50.2080,-5.9413,,,,,,,,,,
Leaf Cutter,225759,UT,06:05:12 30-Apr-2025,Argos,B,50.2276,-5.9387,1077,4810,241,172,,,,,,
Leaf Cutter,225759,UT,06:09:48 30-Apr-2025,Argos,B,50.2188,-5.9353,1627,6339,417,166,,,,,,
Leaf Cutter,225759,UT,06:19:20.813917 30-Apr-2025,FastGPS,6,50.2536,-5.9502,,,,,,,,,,
Leaf Cutter,225759,UT,07:25:57 30-Apr-2025,Argos,B,50.2501,-5.9304,1690,2416,1181,134,,,,,,
Leaf Cutter,225759,UT,07:41:19 30-Apr-2025,Argos,B,50.2683,-5.9332,1456,2280,929,106,,,,,,
Leaf Cutter,225759,UT,07:41:19 30-Apr-2025,Argos,B,50.2448,-5.9320,1879,2424,1456,139,,,,,,
Leaf Cutter,225759,UT,08:43:29.642316 30-Apr-2025,FastGPS,8,50.2960,-5.9934,,,,,,,,,,
Leaf Cutter,225759,UT,09:04:32 30-Apr-2025,Argos,A,50.3006,-6.0115,257,1967,33,92,,,,,,
Leaf Cutter,225759,UT,09:50:54 30-Apr-2025,Argos,B,50.3198,-6.0257,1147,1865,705,91,,,,,,
Leaf Cutter,225759,UT,10:31:29 30-Apr-2025,Argos,B,50.3182,-6.0236,2050,3055,1375,127,,,,,,
Leaf Cutter,225759,UT,10:35:59 30-Apr-2025,Argos,A,50.2716,-6.0772,844,2018,352,62,,,,,,
Leaf Cutter,225759,UT,10:42:43 30-Apr-2025,Argos,B,50.2775,-6.0835,1498,2703,830,100,,,,,,
Leaf Cutter,225759,UT,10:43:32 30-Apr-2025,Argos,B,50.2809,-6.1038,884,979,797,12,,,,,,
Leaf Cutter,225759,UT,11:06:01.386973 30-Apr-2025,FastGPS,5,50.3049,-6.0644,,,,,,,,,,
Leaf Cutter,225759,UT,11:25:34 30-Apr-2025,Argos,A,50.3101,-6.0708,199,334,117,0,,,,,,
Leaf Cutter,225759,UT,12:08:41 30-Apr-2025,Argos,A,50.3213,-6.0829,224,1469,34,78,,,,,,
Leaf Cutter,225759,UT,12:17:53 30-Apr-2025,Argos,B,50.3110,-6.0921,135,282,64,74,,,,,,
Leaf Cutter,225759,UT,12:17:53 30-Apr-2025,Argos,B,50.3130,-6.0805,369,3420,39,82,,,,,,
Leaf Cutter,225759,UT,13:04:13 30-Apr-2025,Argos,A,50.3831,-6.0952,2531,8410,761,28,,,,,,
Leaf Cutter,225759,UT,13:27:56.418142 30-Apr-2025,FastGPS,6,50.3254,-6.1452,,,,,,,,,,
Leaf Cutter,225759,UT,13:45:12 30-Apr-2025,Argos,A,50.3571,-6.1330,824,1798,377,25,,,,,,
Leaf Cutter,225759,UT,14:00:23 30-Apr-2025,Argos,B,50.3592,-6.1364,1546,2270,1052,104,,,,,,
Leaf Cutter,225759,UT,14:00:23 30-Apr-2025,Argos,B,50.3537,-6.1675,1125,3191,396,149,,,,,,
Leaf Cutter,225759,UT,14:41:59.510356 30-Apr-2025,FastGPS,5,50.3512,-6.1522,,,,,,,,,,
Leaf Cutter,225759,UT,15:25:48 30-Apr-2025,Argos,B,50.3882,-6.1677,2706,4333,1690,95,,,,,,
Leaf Cutter,225759,UT,15:43:21 30-Apr-2025,Argos,B,50.3773,-6.1535,1443,2974,700,93,,,,,,
Leaf Cutter,225759,UT,15:53:27.153550 30-Apr-2025,FastGPS,5,50.3762,-6.1253,,,,,,,,,,
Leaf Cutter,225759,UT,16:02:49.018380 30-Apr-2025,FastGPS,5,50.3807,-6.1143,,,,,,,,,,
Leaf Cutter,225759,UT,17:21:05 30-Apr-2025,Argos,B,50.3876,-6.0692,1220,15290,97,13,,,,,,
Leaf Cutter,225759,UT,18:08:42.202832 30-Apr-2025,FastGPS,6,50.4297,-6.0346,,,,,,,,,,
Leaf Cutter,225759,UT,18:16:14 30-Apr-2025,Argos,B,50.4061,-6.0677,1441,1630,1273,19,,,,,,
Leaf Cutter,225759,UT,18:46:38 30-Apr-2025,Argos,0,50.4414,-6.0209,6696,105191,426,83,,,,,,
Leaf Cutter,225759,UT,19:00:59 30-Apr-2025,Argos,A,50.4328,-6.0107,1000,1709,585,43,,,,,,
Leaf Cutter,225759,UT,19:14:31.920126 30-Apr-2025,FastGPS,6,50.4462,-5.9615,,,,,,,,,,
Leaf Cutter,225759,UT,19:39:27 30-Apr-2025,Argos,B,50.4549,-6.0061,3649,5178,2570,77,,,,,,
Leaf Cutter,225759,UT,19:49:26 30-Apr-2025,Argos,A,50.4477,-5.9392,164,472,56,126,,,,,,
Leaf Cutter,225759,UT,20:22:40.530204 30-Apr-2025,FastGPS,7,50.4440,-5.9218,,,,,,,,,,
Leaf Cutter,225759,UT,20:27:01 30-Apr-2025,Argos,B,50.4665,-5.9362,924,1481,576,92,,,,,,
Leaf Cutter,225759,UT,20:27:01 30-Apr-2025,Argos,3,50.4542,-5.9125,115,153,86,92,,,,,,
Leaf Cutter,225759,UT,20:27:18 30-Apr-2025,Argos,1,50.4474,-5.9212,733,956,561,61,,,,,,
Leaf Cutter,225759,UT,21:08:26 30-Apr-2025,Argos,0,50.4178,-5.9260,2748,76917,98,80,,,,,,
Leaf Cutter,225759,UT,21:58:14 30-Apr-2025,Argos,B,50.4280,-5.9288,4898,9255,2592,84,,,,,,
Leaf Cutter,225759,UT,22:07:36 30-Apr-2025,Argos,1,50.4132,-5.8466,522,3020,90,79,,,,,,
Leaf Cutter,225759,UT,22:08:32 30-Apr-2025,Argos,3,50.4095,-5.8694,214,451,101,84,,,,,,
Leaf Cutter,225759,UT,22:40:29.210920 30-Apr-2025,FastGPS,4,50.3894,-5.8517,,,,,,,,,,
Leaf Cutter,225759,UT,22:51:56 30-Apr-2025,Argos,A,50.3825,-5.8685,947,2149,417,3,,,,,,
Leaf Cutter,225759,UT,23:22:28 30-Apr-2025,Argos,A,50.3691,-5.8312,1654,3127,874,134,,,,,,
Leaf Cutter,225759,UT,23:48:44.986760 30-Apr-2025,FastGPS,5,50.3355,-5.8583,,,,,,,,,,
Leaf Cutter,225759,UT,23:50:28 30-Apr-2025,Argos,B,50.3673,-5.8633,2523,3603,1766,152,,,,,,
Leaf Cutter,225759,UT,23:52:11 30-Apr-2025,Argos,3,50.3386,-5.8617,144,349,59,67,,,,,,
Leaf Cutter,225759,UT,01:01:21 01-May-2025,Argos,B,50.3056,-5.8636,983,9376,103,110,,,,,,
Leaf Cutter,225759,UT,05:26:13 01-May-2025,Argos,B,50.2977,-5.7403,2762,14066,542,113,,,,,,
Leaf Cutter,225759,UT,05:33:45 01-May-2025,Argos,A,50.3516,-5.8181,2601,76153,88,78,,,,,,
Leaf Cutter,225759,UT,06:21:24.565346 01-May-2025,FastGPS,4,50.3793,-5.7440,,,,,,,,,,
Leaf Cutter,225759,UT,07:01:24 01-May-2025,Argos,B,50.3528,-5.7529,8026,17736,3631,84,,,,,,
Leaf Cutter,225759,UT,07:03:38 01-May-2025,Argos,B,50.3897,-5.7112,3795,126666,113,110,,,,,,
Leaf Cutter,225759,UT,07:13:28 01-May-2025,Argos,A,50.3882,-5.6989,324,876,119,151,,,,,,
Leaf Cutter,225759,UT,07:32:24.427261 01-May-2025,FastGPS,5,50.4004,-5.6906,,,,,,,,,,
Leaf Cutter,225759,UT,08:39:28 01-May-2025,Argos,B,50.3862,-5.6437,2795,4355,1792,97,,,,,,
Leaf Cutter,225759,UT,09:29:56 01-May-2025,Argos,B,50.3864,-5.6218,2982,6370,1396,95,,,,,,
Leaf Cutter,225759,UT,10:17:00 01-May-2025,Argos,B,50.3980,-5.6718,2047,22564,185,39,,,,,,
Leaf Cutter,225759,UT,10:20:02 01-May-2025,Argos,B,50.3868,-5.6000,2855,6175,1319,94,,,,,,
Leaf Cutter,225759,UT,10:27:42 01-May-2025,Argos,B,50.4180,-5.5715,1964,105141,36,105,,,,,,
Leaf Cutter,225759,UT,11:05:29 01-May-2025,Argos,B,50.4170,-5.5561,2089,11587,376,105,,,,,,
Leaf Cutter,225759,UT,11:23:37.839495 01-May-2025,FastGPS,5,50.4325,-5.6276,,,,,,,,,,
Leaf Cutter,225759,UT,11:54:15 01-May-2025,Argos,B,50.4316,-5.6157,1449,9351,224,162,,,,,,
Leaf Cutter,225759,UT,12:06:57 01-May-2025,Argos,B,50.4318,-5.6144,2064,3957,1076,154,,,,,,
Leaf Cutter,225759,UT,12:06:57 01-May-2025,Argos,B,50.4317,-5.6157,2201,4404,1099,157,,,,,,
Leaf Cutter,225759,UT,12:43:10 01-May-2025,Argos,B,50.4355,-5.6125,1738,2016,1498,123,,,,,,
Leaf Cutter,225759,UT,13:02:03 01-May-2025,Argos,B,50.4355,-5.6101,819,18615,36,96,,,,,,
Leaf Cutter,225759,UT,13:48:59 01-May-2025,Argos,B,50.4365,-5.6097,1244,3076,503,94,,,,,,
Leaf Cutter,225759,UT,13:48:59 01-May-2025,Argos,B,50.4385,-5.6075,1229,3139,481,95,,,,,,
Leaf Cutter,225759,UT,14:40:22 01-May-2025,Argos,A,50.4314,-5.6858,887,1871,420,13,,,,,,
Leaf Cutter,225759,UT,15:03:55 01-May-2025,Argos,B,50.4327,-5.6955,1748,2314,1319,80,,,,,,
Leaf Cutter,225759,UT,16:01:02.561973 01-May-2025,FastGPS,8,50.4598,-5.6748,,,,,,,,,,
Leaf Cutter,225759,UT,16:43:33 01-May-2025,Argos,B,50.4618,-5.7509,2340,5932,922,77,,,,,,
Leaf Cutter,225759,UT,17:43:57 01-May-2025,Argos,B,50.4740,-5.7589,3791,8746,1643,82,,,,,,
Leaf Cutter,225759,UT,18:10:42.782762 01-May-2025,FastGPS,5,50.4531,-5.5855,,,,,,,,,,
Leaf Cutter,225759,UT,18:16:46 01-May-2025,Argos,1,50.4551,-5.5793,1284,1582,1041,102,,,,,,
Leaf Cutter,225759,UT,18:28:33 01-May-2025,Argos,B,50.4543,-5.5637,3692,5709,2387,90,,,,,,
Leaf Cutter,225759,UT,19:17:39 01-May-2025,Argos,B,50.4514,-5.5019,8060,12266,5295,89,,,,,,
Leaf Cutter,225759,UT,19:21:11 01-May-2025,Argos,A,50.4347,-5.5396,826,7118,95,129,,,,,,
Leaf Cutter,225759,UT,20:02:48 01-May-2025,Argos,B,50.4320,-5.4863,1514,2689,851,100,,,,,,
Leaf Cutter,225759,UT,20:21:22 01-May-2025,Argos,B,50.4309,-5.4991,856,2867,255,55,,,,,,
Leaf Cutter,225759,UT,20:22:12 01-May-2025,Argos,B,50.4307,-5.5018,881,2652,292,57,,,,,,
Leaf Cutter,225759,UT,20:26:08.494091 01-May-2025,FastGPS,6,50.4302,-5.5144,,,,,,,,,,
Leaf Cutter,225759,UT,20:51:55 01-May-2025,Argos,B,50.4345,-5.4986,1027,2043,516,73,,,,,,
Leaf Cutter,225759,UT,21:00:40 01-May-2025,Argos,B,50.4333,-5.4790,1600,6323,405,88,,,,,,
Leaf Cutter,225759,UT,21:52:53 01-May-2025,Argos,2,50.4089,-5.5092,286,838,97,100,,,,,,
Leaf Cutter,225759,UT,21:52:53 01-May-2025,Argos,B,50.4021,-5.3940,1052,10109,109,92,,,,,,
Leaf Cutter,225759,UT,22:31:53 01-May-2025,Argos,B,50.4085,-5.4759,1003,9271,108,58,,,,,,
Leaf Cutter,225759,UT,23:36:09 01-May-2025,Argos,A,50.3597,-5.5317,842,2048,346,149,,,,,,
Leaf Cutter,225759,UT,23:40:39 01-May-2025,Argos,A,50.3531,-5.5211,172,267,110,110,,,,,,
Leaf Cutter,225759,UT,23:44:31.313916 01-May-2025,FastGPS,7,50.3494,-5.5149,,,,,,,,,,
Leaf Cutter,225759,UT,00:17:52 02-May-2025,Argos,B,50.3410,-5.5230,616,2275,166,13,,,,,,
Leaf Cutter,225759,UT,01:57:09.217023 02-May-2025,FastGPS,8,50.3002,-5.5190,,,,,,,,,,
Leaf Cutter,225759,UT,03:01:17.260788 02-May-2025,FastGPS,7,50.3022,-5.5255,,,,,,,,,,
Leaf Cutter,225759,UT,05:00:29 02-May-2025,Argos,B,50.2782,-5.4314,1622,87146,30,90,,,,,,
Leaf Cutter,225759,UT,06:17:19 02-May-2025,Argos,B,50.2556,-5.4419,3258,19127,555,91,,,,,,
Leaf Cutter,225759,UT,06:34:00.105397 02-May-2025,FastGPS,6,50.3071,-5.5447,,,,,,,,,,
Leaf Cutter,225759,UT,06:38:58 02-May-2025,Argos,A,50.3056,-5.5567,346,2550,47,104,,,,,,
Leaf Cutter,225759,UT,07:43:41.654901 02-May-2025,FastGPS,8,50.3250,-5.5708,,,,,,,,,,
Leaf Cutter,225759,UT,08:01:01 02-May-2025,Argos,B,50.2993,-5.5541,2131,3699,1227,91,,,,,,
Leaf Cutter,225759,UT,08:13:33 02-May-2025,Argos,A,50.3234,-5.5793,411,2946,57,101,,,,,,
Leaf Cutter,225759,UT,09:48:01 02-May-2025,Argos,A,50.3092,-5.6657,199,440,89,57,,,,,,
Leaf Cutter,225759,UT,10:08:20 02-May-2025,Argos,A,50.3078,-5.6946,120,420,34,87,,,,,,
Leaf Cutter,225759,UT,10:13:00.503627 02-May-2025,FastGPS,6,50.3060,-5.6819,,,,,,,,,,
Leaf Cutter,225759,UT,10:16:56 02-May-2025,Argos,B,50.3068,-5.6979,425,720,250,89,,,,,,
Leaf Cutter,225759,UT,10:42:31 02-May-2025,Argos,A,50.2801,-5.6551,1047,7762,141,94,,,,,,
Leaf Cutter,225759,UT,11:33:27 02-May-2025,Argos,B,50.2704,-5.6653,3479,6143,1970,96,,,,,,
Leaf Cutter,225759,UT,11:51:41 02-May-2025,Argos,B,50.2717,-5.6820,806,5439,119,16,,,,,,
Leaf Cutter,225759,UT,11:51:41 02-May-2025,Argos,B,50.2298,-5.6708,2437,8216,722,93,,,,,,
Leaf Cutter,225759,UT,12:12:41 02-May-2025,Argos,B,50.2306,-5.7163,598,2654,134,14,,,,,,
Leaf Cutter,225759,UT,12:20:35 02-May-2025,Argos,A,50.2045,-5.6982,280,394,198,30,,,,,,
Leaf Cutter,225759,UT,12:29:19.896726 02-May-2025,FastGPS,8,50.2042,-5.7017,,,,,,,,,,
Leaf Cutter,225759,UT,13:36:33 02-May-2025,Argos,B,50.1875,-5.7168,1231,6367,237,125,,,,,,
Leaf Cutter,225759,UT,13:54:09 02-May-2025,Argos,B,50.1856,-5.7126,723,6070,86,155,,,,,,
Leaf Cutter,225759,UT,15:31:41 02-May-2025,Argos,B,50.1407,-5.7066,1437,3542,582,68,,,,,,
Leaf Cutter,225759,UT,17:04:27.700594 02-May-2025,FastGPS,5,50.0580,-5.7116,,,,,,,,,,
Leaf Cutter,225759,UT,17:38:56 02-May-2025,Argos,A,50.0518,-5.6939,166,667,41,75,,,,,,
Leaf Cutter,225759,UT,06:35:44 04-May-2025,Argos,A,49.9942,-5.7133,438,2289,83,114,,,,,,
Leaf Cutter,225759,UT,06:40:16.923107 04-May-2025,FastGPS,7,49.9985,-5.7258,,,,,,,,,,
Leaf Cutter,225759,UT,07:22:48 04-May-2025,Argos,B,49.9803,-5.7164,4136,6478,2640,93,,,,,,
Leaf Cutter,225759,UT,07:22:48 04-May-2025,Argos,B,49.9842,-5.7183,3322,4044,2727,110,,,,,,
Leaf Cutter,225759,UT,08:54:57 04-May-2025,Argos,B,49.9586,-5.7270,1087,39223,30,91,,,,,,
Leaf Cutter,225759,UT,08:59:37.686948 04-May-2025,FastGPS,6,49.9578,-5.7326,,,,,,,,,,
Leaf Cutter,225759,UT,09:52:04 04-May-2025,Argos,B,49.9428,-5.7272,1492,4172,533,91,,,,,,
Leaf Cutter,225759,UT,10:04:14 04-May-2025,Argos,B,49.9398,-5.7260,1555,4157,581,88,,,,,,
Leaf Cutter,225759,UT,10:12:59.975950 04-May-2025,FastGPS,5,49.9394,-5.7014,,,,,,,,,,
Leaf Cutter,225759,UT,10:37:23 04-May-2025,Argos,B,49.9286,-5.7236,1691,4166,686,86,,,,,,
Leaf Cutter,225759,UT,10:51:08 04-May-2025,Argos,B,49.9268,-5.6751,992,8342,118,178,,,,,,
Leaf Cutter,225759,UT,11:26:26 04-May-2025,Argos,B,49.9173,-5.6641,1316,1719,1006,180,,,,,,
Leaf Cutter,225759,UT,11:32:07 04-May-2025,Argos,B,49.9314,-5.6672,704,5239,94,96,,,,,,
Leaf Cutter,225759,UT,11:48:25 04-May-2025,Argos,B,49.9310,-5.6664,897,2624,306,95,,,,,,
Leaf Cutter,225759,UT,12:22:49 04-May-2025,Argos,B,49.9284,-5.6638,1177,2641,524,92,,,,,,
Leaf Cutter,225759,UT,13:15:19 04-May-2025,Argos,B,49.9114,-5.6459,1576,2965,837,93,,,,,,
Leaf Cutter,225759,UT,14:01:17 04-May-2025,Argos,B,49.9421,-5.6360,1020,7905,131,82,,,,,,
Leaf Cutter,225759,UT,14:05:39.803367 04-May-2025,FastGPS,4,49.9346,-5.5886,,,,,,,,,,
Leaf Cutter,225759,UT,14:46:42 04-May-2025,Argos,B,49.9395,-5.6143,907,4911,167,53,,,,,,
Leaf Cutter,225759,UT,15:37:16 04-May-2025,Argos,A,49.9477,-5.5562,1333,8595,206,59,,,,,,
Leaf Cutter,225759,UT,16:12:26.008687 04-May-2025,FastGPS,6,49.9354,-5.5545,,,,,,,,,,
Leaf Cutter,225759,UT,16:16:25 04-May-2025,Argos,A,49.9302,-5.5550,155,197,121,88,,,,,,
Leaf Cutter,225759,UT,17:21:27.931201 04-May-2025,FastGPS,8,49.9436,-5.5496,,,,,,,,,,
Leaf Cutter,225759,UT,17:54:12 04-May-2025,Argos,0,49.9452,-5.5377,1810,4899,668,16,,,,,,
Leaf Cutter,225759,UT,18:38:46 04-May-2025,Argos,B,49.9435,-5.5213,5505,8183,3703,88,,,,,,
Leaf Cutter,225759,UT,19:27:42.992389 04-May-2025,FastGPS,4,49.9460,-5.5114,,,,,,,,,,
Leaf Cutter,225759,UT,19:28:01 04-May-2025,Argos,B,49.9424,-5.5109,6860,11993,3923,91,,,,,,
Leaf Cutter,225759,UT,19:57:16 04-May-2025,Argos,B,49.9416,-5.5069,6876,12426,3804,90,,,,,,
Leaf Cutter,225759,UT,20:22:06 04-May-2025,Argos,B,49.9434,-5.5142,1066,8765,129,22,,,,,,
Leaf Cutter,225759,UT,20:31:58.700034 04-May-2025,FastGPS,4,49.9552,-5.5188,,,,,,,,,,
Leaf Cutter,225759,UT,21:00:08 04-May-2025,Argos,B,49.9583,-5.5175,1222,11438,130,51,,,,,,
Leaf Cutter,225759,UT,21:15:25 04-May-2025,Argos,A,49.9691,-5.5372,1215,9291,158,72,,,,,,
Leaf Cutter,225759,UT,21:16:35 04-May-2025,Argos,B,49.9693,-5.5375,1724,8020,370,75,,,,,,
Leaf Cutter,225759,UT,21:30:22 04-May-2025,Argos,B,49.9743,-5.5398,1160,26223,51,72,,,,,,
Leaf Cutter,225759,UT,21:36:16.910592 04-May-2025,FastGPS,5,49.9842,-5.5166,,,,,,,,,,
Leaf Cutter,225759,UT,22:36:39.625275 04-May-2025,FastGPS,5,50.0188,-5.5352,,,,,,,,,,
Leaf Cutter,225759,UT,22:57:31 04-May-2025,Argos,2,50.0321,-5.5368,308,340,278,63,,,,,,
Leaf Cutter,225759,UT,23:01:11 04-May-2025,Argos,3,50.0308,-5.5373,93,163,53,78,,,,,,
Leaf Cutter,225759,UT,23:09:56 04-May-2025,Argos,B,50.0326,-5.5372,433,737,254,89,,,,,,
Leaf Cutter,225759,UT,23:37:10 04-May-2025,Argos,1,50.0485,-5.5700,1260,16750,94,82,,,,,,
Leaf Cutter,225759,UT,00:02:20.411114 05-May-2025,FastGPS,6,50.0533,-5.5614,,,,,,,,,,
Leaf Cutter,225759,UT,01:16:30.950157 05-May-2025,FastGPS,5,50.0517,-5.5726,,,,,,,,,,
Leaf Cutter,225759,UT,01:17:37 05-May-2025,Argos,A,50.0607,-5.5765,674,1747,260,1,,,,,,
Leaf Cutter,225759,UT,05:09:51 05-May-2025,Argos,B,50.1050,-5.5631,2089,3050,1430,88,,,,,,
Leaf Cutter,225759,UT,06:01:13 05-May-2025,Argos,B,50.0914,-5.5655,3172,4043,2488,35,,,,,,
Leaf Cutter,225759,UT,06:47:09 05-May-2025,Argos,A,49.9709,-5.5908,564,1381,230,44,,,,,,
Leaf Cutter,225759,UT,07:32:08 05-May-2025,Argos,B,49.9419,-5.5828,1374,7148,263,1,,,,,,
Leaf Cutter,225759,UT,08:29:20 05-May-2025,Argos,B,49.9061,-5.5848,2094,2449,1790,87,,,,,,
Leaf Cutter,225759,UT,08:38:05.620034 05-May-2025,FastGPS,8,49.9535,-5.5895,,,,,,,,,,
Leaf Cutter,225759,UT,09:45:58 05-May-2025,Argos,B,49.9041,-5.5767,2088,2434,1790,145,,,,,,
Leaf Cutter,225759,UT,10:15:47 05-May-2025,Argos,B,49.9028,-5.5768,2603,3516,1927,161,,,,,,
Leaf Cutter,225759,UT,11:21:22 05-May-2025,Argos,B,49.8778,-5.5757,2589,2648,2531,177,,,,,,
Leaf Cutter,225759,UT,11:21:22 05-May-2025,Argos,B,49.8461,-5.5754,1691,3409,838,82,,,,,,
Leaf Cutter,225759,UT,11:21:45 05-May-2025,Argos,B,49.9489,-5.4764,2956,23460,372,104,,,,,,
Leaf Cutter,225759,UT,13:01:25 05-May-2025,Argos,B,49.9043,-5.4655,3303,7307,1492,100,,,,,,
Leaf Cutter,225759,UT,13:20:59 05-May-2025,Argos,B,49.9380,-5.4825,2391,55268,103,92,,,,,,
Leaf Cutter,225759,UT,15:38:26 05-May-2025,Argos,B,49.8704,-5.4770,1929,4093,909,90,,,,,,
Leaf Cutter,225759,UT,17:15:48 05-May-2025,Argos,B,49.8882,-5.4454,3645,5317,2498,158,,,,,,
Leaf Cutter,225759,UT,18:51:00 05-May-2025,Argos,B,49.9079,-5.4579,3354,3636,3094,140,,,,,,
Leaf Cutter,225759,UT,18:56:52 05-May-2025,Argos,B,49.9273,-5.4583,2484,4131,1492,93,,,,,,
Leaf Cutter,225759,UT,19:33:27 05-May-2025,Argos,B,49.9171,-5.4465,2578,12867,516,69,,,,,,
Leaf Cutter,225759,UT,21:09:42 05-May-2025,Argos,B,49.9272,-5.4218,2681,10113,710,81,,,,,,
Leaf Cutter,225759,UT,22:51:44 05-May-2025,Argos,B,49.9307,-5.4191,3115,7391,1312,85,,,,,,
Leaf Cutter,225759,UT,22:51:44 05-May-2025,Argos,B,49.9306,-5.4150,2232,5567,894,84,,,,,,
Leaf Cutter,225759,UT,06:48:34 06-May-2025,Argos,B,49.9090,-5.3518,3216,4680,2209,98,,,,,,
Leaf Cutter,225759,UT,07:06:53.687604 06-May-2025,FastGPS,4,49.9134,-5.4326,,,,,,,,,,
Leaf Cutter,225759,UT,07:53:55 06-May-2025,Argos,B,49.9111,-5.4220,1733,6540,459,2,,,,,,
Leaf Cutter,225759,UT,08:27:12 06-May-2025,Argos,B,49.8985,-5.4263,1661,2458,1121,173,,,,,,
Leaf Cutter,225759,UT,09:25:56 06-May-2025,Argos,B,49.8945,-5.4295,1939,2111,1780,137,,,,,,
Leaf Cutter,225759,UT,09:55:06.791761 06-May-2025,FastGPS,7,49.9054,-5.4075,,,,,,,,,,
Leaf Cutter,225759,UT,10:07:16 06-May-2025,Argos,B,49.8998,-5.4260,1972,2244,1733,111,,,,,,
Leaf Cutter,225759,UT,10:59:08 06-May-2025,Argos,B,49.8903,-5.4364,2204,2559,1898,102,,,,,,
Leaf Cutter,225759,UT,10:59:08 06-May-2025,Argos,B,49.8934,-5.4341,2217,2522,1948,102,,,,,,
Leaf Cutter,225759,UT,12:29:18 06-May-2025,Argos,A,49.8942,-5.4091,205,388,107,5,,,,,,
Leaf Cutter,225759,UT,12:38:33 06-May-2025,Argos,B,49.9109,-5.4138,453,1756,116,82,,,,,,
Leaf Cutter,225759,UT,12:40:42 06-May-2025,Argos,B,49.9106,-5.4011,360,1621,79,104,,,,,,
Leaf Cutter,225759,UT,12:42:51 06-May-2025,Argos,B,49.9139,-5.4079,291,1788,47,111,,,,,,
Leaf Cutter,225759,UT,13:30:32.925280 06-May-2025,FastGPS,7,49.9142,-5.3835,,,,,,,,,,
Leaf Cutter,225759,UT,14:08:37 06-May-2025,Argos,B,49.8969,-5.3794,806,6301,103,38,,,,,,
Leaf Cutter,225759,UT,16:35:45 06-May-2025,Argos,B,49.8831,-5.3652,1811,2696,1216,79,,,,,,
Leaf Cutter,225759,UT,19:16:28.374132 06-May-2025,FastGPS,5,49.9340,-5.3526,,,,,,,,,,
Leaf Cutter,225759,UT,19:30:24 06-May-2025,Argos,A,49.9376,-5.3246,235,1182,46,66,,,,,,
Leaf Cutter,225759,UT,19:54:49 06-May-2025,Argos,B,49.9158,-5.3740,2066,5888,725,81,,,,,,
Leaf Cutter,225759,UT,20:24:35.448155 06-May-2025,FastGPS,7,49.9498,-5.3404,,,,,,,,,,
Leaf Cutter,225759,UT,20:47:09 06-May-2025,Argos,A,49.9443,-5.3671,189,613,57,67,,,,,,
Leaf Cutter,225759,UT,20:47:09 06-May-2025,Argos,B,49.9401,-5.3772,1020,3690,281,66,,,,,,
Leaf Cutter,225759,UT,20:59:32 06-May-2025,Argos,B,49.9324,-5.3782,1257,3992,395,47,,,,,,
Leaf Cutter,225759,UT,21:01:11.871852 06-May-2025,FastGPS,6,49.9689,-5.3239,,,,,,,,,,
Leaf Cutter,225759,UT,21:11:35 06-May-2025,Argos,B,49.9470,-5.3107,1604,2705,951,89,,,,,,
Leaf Cutter,225759,UT,21:36:14 06-May-2025,Argos,B,49.9432,-5.3721,6081,9337,3959,87,,,,,,
Leaf Cutter,225759,UT,21:39:22 06-May-2025,Argos,B,49.9510,-5.3714,954,1606,566,85,,,,,,
Leaf Cutter,225759,UT,22:00:50.401000 06-May-2025,FastGPS,7,49.9909,-5.2806,,,,,,,,,,
Leaf Cutter,225759,UT,22:28:18 06-May-2025,Argos,1,49.9947,-5.2635,535,999,286,64,,,,,,
Leaf Cutter,225759,UT,22:32:48 06-May-2025,Argos,3,49.9961,-5.2725,98,123,77,98,,,,,,
Leaf Cutter,225759,UT,22:34:17 06-May-2025,Argos,2,49.9929,-5.2723,317,1848,54,81,,,,,,
Leaf Cutter,225759,UT,23:40:18 06-May-2025,Argos,B,50.0164,-5.2248,2599,4079,1656,89,,,,,,
Leaf Cutter,225759,UT,00:13:37 07-May-2025,Argos,A,49.9841,-5.2643,1437,4802,429,132,,,,,,
Leaf Cutter,225759,UT,04:06:41 07-May-2025,Argos,B,49.9754,-5.2178,7373,10291,5282,87,,,,,,
Leaf Cutter,225759,UT,05:38:49 07-May-2025,Argos,A,49.9986,-4.9488,21733,708202,666,77,,,,,,
Leaf Cutter,225759,UT,06:09:58.572000 07-May-2025,FastGPS,5,49.9146,-5.2990,,,,,,,,,,
Leaf Cutter,225759,UT,07:36:31 07-May-2025,Argos,A,49.8967,-5.3533,1733,11179,268,101,,,,,,
Leaf Cutter,225759,UT,07:46:23 07-May-2025,Argos,B,49.8380,-5.1775,11038,53271,2287,106,,,,,,
